time_ns,sw_id,port_id,q_id,qlen_bytes,op
1031,4,3,3,4148,enq
1031,4,3,3,0,deq
1031,5,2,3,4148,enq
1031,5,2,3,0,deq
1362,4,3,3,4148,enq
1362,5,2,3,4148,enq
1693,4,3,3,8296,enq
1693,5,2,3,8296,enq
1694,4,3,3,4148,deq
1694,5,2,3,4148,deq
2024,4,3,3,8296,enq
2024,5,2,3,8296,enq
2355,4,3,3,12444,enq
2355,5,2,3,12444,enq
2357,4,3,3,8296,deq
2357,5,2,3,8296,deq
2394,7,1,3,4148,enq
2394,7,1,3,0,deq
2394,6,0,3,4148,enq
2394,6,0,3,0,deq
2686,4,3,3,12444,enq
2686,5,2,3,12444,enq
3017,4,3,3,16592,enq
3017,5,2,3,16592,enq
3020,4,3,3,12444,deq
3020,5,2,3,12444,deq
3057,7,1,3,4148,enq
3057,6,0,3,4148,enq
3057,7,1,3,0,deq
3057,6,0,3,0,deq
3348,4,3,3,16592,enq
3348,5,2,3,16592,enq
3679,4,3,3,20740,enq
3679,5,2,3,20740,enq
3683,4,3,3,16592,deq
3683,5,2,3,16592,deq
3720,7,1,3,4148,enq
3720,6,0,3,4148,enq
3720,7,1,3,0,deq
3720,6,0,3,0,deq
3757,5,0,3,4148,enq
3757,5,0,3,0,deq
3757,4,0,3,4148,enq
3757,4,0,3,0,deq
4010,4,3,3,20740,enq
4010,5,2,3,20740,enq
4341,4,3,3,24888,enq
4341,5,2,3,24888,enq
4346,4,3,3,20740,deq
4346,5,2,3,20740,deq
4383,7,1,3,4148,enq
4383,6,0,3,4148,enq
4383,7,1,3,0,deq
4383,6,0,3,0,deq
4420,5,0,3,4148,enq
4420,5,0,3,0,deq
4420,4,0,3,4148,enq
4420,4,0,3,0,deq
4672,4,3,3,24888,enq
4672,5,2,3,24888,enq
5009,4,3,3,20740,deq
5009,5,2,3,20740,deq
5046,7,1,3,4148,enq
5046,6,0,3,4148,enq
5046,7,1,3,0,deq
5046,6,0,3,0,deq
5083,5,0,3,4148,enq
5083,5,0,3,0,deq
5083,4,0,3,4148,enq
5083,4,0,3,0,deq
5672,4,3,3,16592,deq
5672,5,2,3,16592,deq
5709,7,1,3,4148,enq
5709,6,0,3,4148,enq
5709,7,1,3,0,deq
5709,6,0,3,0,deq
5746,5,0,3,4148,enq
5746,5,0,3,0,deq
5746,4,0,3,4148,enq
5746,4,0,3,0,deq
6335,4,3,3,12444,deq
6335,5,2,3,12444,deq
6372,7,1,3,4148,enq
6372,6,0,3,4148,enq
6372,7,1,3,0,deq
6372,6,0,3,0,deq
6409,5,0,3,4148,enq
6409,5,0,3,0,deq
6409,4,0,3,4148,enq
6409,4,0,3,0,deq
6998,4,3,3,8296,deq
6998,5,2,3,8296,deq
7035,7,1,3,4148,enq
7035,6,0,3,4148,enq
7035,7,1,3,0,deq
7035,6,0,3,0,deq
7072,5,0,3,4148,enq
7072,5,0,3,0,deq
7072,4,0,3,4148,enq
7072,4,0,3,0,deq
7661,4,3,3,4148,deq
7661,5,2,3,4148,deq
7698,7,1,3,4148,enq
7698,6,0,3,4148,enq
7698,7,1,3,0,deq
7698,6,0,3,0,deq
7735,5,0,3,4148,enq
7735,5,0,3,0,deq
7735,4,0,3,4148,enq
7735,4,0,3,0,deq
8324,4,3,3,0,deq
8324,5,2,3,0,deq
8361,7,1,3,4148,enq
8361,6,0,3,4148,enq
8361,7,1,3,0,deq
8361,6,0,3,0,deq
8398,5,0,3,4148,enq
8398,5,0,3,0,deq
8398,4,0,3,4148,enq
8398,4,0,3,0,deq
9024,7,1,3,4148,enq
9024,6,0,3,4148,enq
9024,7,1,3,0,deq
9024,6,0,3,0,deq
9061,5,0,3,4148,enq
9061,5,0,3,0,deq
9061,4,0,3,4148,enq
9061,4,0,3,0,deq
9687,7,1,3,4148,enq
9687,6,0,3,4148,enq
9687,7,1,3,0,deq
9687,6,0,3,0,deq
9724,5,0,3,4148,enq
9724,5,0,3,0,deq
9724,4,0,3,4148,enq
9724,4,0,3,0,deq
10387,5,0,3,4148,enq
10387,5,0,3,0,deq
10387,4,0,3,4148,enq
10387,4,0,3,0,deq
11050,5,0,3,4148,enq
11050,5,0,3,0,deq
11050,4,0,3,4148,enq
11050,4,0,3,0,deq
