sw_id,port_id,peer_id,peer_kind,rate_gbps,data_bytes,ctrl_bytes,data_pkts,first_ns,last_ns,busy_ns,util_run,util_active
256,0,0,host,400.000,520800,12146,248,742,13012,10416.0,0.7244,0.8460
256,1,4,host,400.000,520800,14666,248,742,12394,10416.0,0.7244,0.8907
256,2,8,host,400.000,520800,14666,248,742,12843,10416.0,0.7244,0.8578
256,3,12,host,400.000,520800,14246,248,784,12438,10416.0,0.7244,0.8906
256,4,16,host,400.000,520800,18446,248,826,13302,10416.0,0.7244,0.8321
256,5,20,host,400.000,520800,15746,248,826,12309,10416.0,0.7244,0.9038
256,6,24,host,400.000,520800,15566,248,868,13035,10416.0,0.7244,0.8531
256,7,28,host,400.000,520800,14872,248,868,12800,10416.0,0.7244,0.8699
256,8,32,host,400.000,520800,13526,248,952,13257,10416.0,0.7244,0.8436
256,9,36,host,400.000,520800,12446,248,910,12479,10416.0,0.7244,0.8971
256,10,40,host,400.000,520800,13226,248,994,13255,10416.0,0.7244,0.8466
256,11,44,host,400.000,520800,13586,248,952,12441,10416.0,0.7244,0.9033
256,12,48,host,400.000,520800,15206,248,1036,13277,10416.0,0.7244,0.8480
256,13,52,host,400.000,520800,13226,248,994,12738,10416.0,0.7244,0.8838
256,14,56,host,400.000,520800,14666,248,1036,13422,10416.0,0.7244,0.8381
256,15,60,host,400.000,520800,12386,248,1036,12600,10416.0,0.7244,0.8975
256,16,64,host,400.000,520800,13226,248,1162,13063,10416.0,0.7244,0.8721
256,17,68,host,400.000,520800,16286,248,1078,12844,10416.0,0.7244,0.8821
256,18,72,host,400.000,520800,17186,248,1162,13193,10416.0,0.7244,0.8628
256,19,76,host,400.000,520800,15986,248,1120,12806,10416.0,0.7244,0.8881
256,20,80,host,400.000,520800,17186,248,1330,13435,10416.0,0.7244,0.8575
256,21,84,host,400.000,520800,13286,248,1162,12713,10416.0,0.7244,0.8985
256,22,88,host,400.000,520800,11726,248,1246,13381,10416.0,0.7244,0.8554
256,23,92,host,400.000,520800,13466,248,1204,12670,10416.0,0.7244,0.9051
256,24,96,host,400.000,520800,16046,248,1372,13344,10416.0,0.7244,0.8670
256,25,100,host,400.000,520800,14906,248,1246,12757,10416.0,0.7244,0.9016
256,26,104,host,400.000,520800,16046,248,1372,13711,10416.0,0.7244,0.8413
256,27,108,host,400.000,520800,15206,248,1288,12805,10416.0,0.7244,0.9011
256,28,112,host,400.000,520800,14366,248,1540,13696,10416.0,0.7244,0.8539
256,29,116,host,400.000,520800,12986,248,1330,12863,10416.0,0.7244,0.8999
256,30,120,host,400.000,520800,14126,248,1414,13395,10416.0,0.7244,0.8663
256,31,124,host,400.000,520800,14666,248,1372,12995,10416.0,0.7244,0.8929
256,32,128,host,400.000,520800,13826,248,1666,13752,10416.0,0.7244,0.8588
256,33,132,host,400.000,520800,14040,248,1414,12918,10416.0,0.7244,0.9021
256,34,136,host,400.000,520800,16380,248,1456,13866,10416.0,0.7244,0.8365
256,35,140,host,400.000,520800,15120,248,1456,12915,10416.0,0.7244,0.9057
256,36,144,host,400.000,520800,14340,248,1498,13244,10416.0,0.7244,0.8836
256,37,148,host,400.000,520800,12240,248,1498,13269,10416.0,0.7244,0.8817
256,38,152,host,400.000,520800,12772,248,1666,14069,10416.0,0.7244,0.8370
256,39,156,host,400.000,520800,15000,248,1540,13014,10416.0,0.7244,0.9045
256,40,160,host,400.000,520800,15240,248,1750,13983,10416.0,0.7244,0.8486
256,41,164,host,400.000,520800,14392,248,1582,13064,10416.0,0.7244,0.9039
256,42,168,host,400.000,520800,15686,248,1750,14026,10416.0,0.7244,0.8456
256,43,172,host,400.000,520800,16416,248,1624,13108,10416.0,0.7244,0.9037
256,44,176,host,400.000,520800,15892,248,1876,13972,10416.0,0.7244,0.8581
256,45,180,host,400.000,520800,14126,248,1666,13174,10416.0,0.7244,0.9018
256,46,184,host,400.000,520800,15978,248,1960,14115,10416.0,0.7244,0.8540
256,47,188,host,400.000,520800,14606,248,1708,13130,10416.0,0.7244,0.9086
256,48,192,host,400.000,520800,14066,248,2044,14088,10416.0,0.7244,0.8618
256,49,196,host,400.000,520800,14306,248,1750,13232,10416.0,0.7244,0.9039
256,50,200,host,400.000,520800,10466,248,1960,13953,10416.0,0.7244,0.8655
256,51,204,host,400.000,520800,15926,248,1792,13271,10416.0,0.7244,0.9041
256,52,208,host,400.000,520800,12592,248,1876,13694,10416.0,0.7244,0.8782
256,53,212,host,400.000,520800,13166,248,1834,13103,10416.0,0.7244,0.9209
256,54,216,host,400.000,520800,15446,248,2086,14065,10416.0,0.7244,0.8665
256,55,220,host,400.000,520800,16106,248,1876,13192,10416.0,0.7244,0.9171
256,56,224,host,400.000,520800,14366,248,2254,13630,10416.0,0.7244,0.9122
256,57,228,host,400.000,520800,17726,248,1918,13007,10416.0,0.7244,0.9358
256,58,232,host,400.000,520800,15926,248,2422,13601,10416.0,0.7244,0.9283
256,59,236,host,400.000,520800,14726,248,1918,13097,10416.0,0.7244,0.9283
256,60,240,host,400.000,520800,14726,248,2254,14277,10416.0,0.7244,0.8633
256,61,244,host,400.000,520800,17006,248,1960,13322,10416.0,0.7244,0.9134
256,62,248,host,400.000,520800,12326,248,2338,13585,10416.0,0.7244,0.9227
256,63,252,host,400.000,520800,14366,248,2002,13089,10416.0,0.7244,0.9359
256,64,264,switch,400.000,0,0,0,-1,-1,0.0,0.0000,0.0000
256,65,264,switch,400.000,0,0,0,-1,-1,0.0,0.0000,0.0000
256,66,264,switch,400.000,0,0,0,-1,-1,0.0,0.0000,0.0000
256,67,264,switch,400.000,0,0,0,-1,-1,0.0,0.0000,0.0000
256,68,264,switch,400.000,0,0,0,-1,-1,0.0,0.0000,0.0000
256,69,264,switch,400.000,0,0,0,-1,-1,0.0,0.0000,0.0000
256,70,264,switch,400.000,0,0,0,-1,-1,0.0,0.0000,0.0000
256,71,264,switch,400.000,0,0,0,-1,-1,0.0,0.0000,0.0000
256,72,264,switch,400.000,0,0,0,-1,-1,0.0,0.0000,0.0000
256,73,264,switch,400.000,0,0,0,-1,-1,0.0,0.0000,0.0000
256,74,264,switch,400.000,0,0,0,-1,-1,0.0,0.0000,0.0000
256,75,264,switch,400.000,0,0,0,-1,-1,0.0,0.0000,0.0000
256,76,264,switch,400.000,0,0,0,-1,-1,0.0,0.0000,0.0000
256,77,264,switch,400.000,0,0,0,-1,-1,0.0,0.0000,0.0000
256,78,264,switch,400.000,0,0,0,-1,-1,0.0,0.0000,0.0000
256,79,264,switch,400.000,0,0,0,-1,-1,0.0,0.0000,0.0000
256,80,266,switch,400.000,0,0,0,-1,-1,0.0,0.0000,0.0000
256,81,266,switch,400.000,0,0,0,-1,-1,0.0,0.0000,0.0000
256,82,266,switch,400.000,0,0,0,-1,-1,0.0,0.0000,0.0000
256,83,266,switch,400.000,0,0,0,-1,-1,0.0,0.0000,0.0000
256,84,266,switch,400.000,0,0,0,-1,-1,0.0,0.0000,0.0000
256,85,266,switch,400.000,0,0,0,-1,-1,0.0,0.0000,0.0000
256,86,266,switch,400.000,0,0,0,-1,-1,0.0,0.0000,0.0000
256,87,266,switch,400.000,0,0,0,-1,-1,0.0,0.0000,0.0000
256,88,266,switch,400.000,0,0,0,-1,-1,0.0,0.0000,0.0000
256,89,266,switch,400.000,0,0,0,-1,-1,0.0,0.0000,0.0000
256,90,266,switch,400.000,0,0,0,-1,-1,0.0,0.0000,0.0000
256,91,266,switch,400.000,0,0,0,-1,-1,0.0,0.0000,0.0000
256,92,266,switch,400.000,0,0,0,-1,-1,0.0,0.0000,0.0000
256,93,266,switch,400.000,0,0,0,-1,-1,0.0,0.0000,0.0000
256,94,266,switch,400.000,0,0,0,-1,-1,0.0,0.0000,0.0000
256,95,266,switch,400.000,0,0,0,-1,-1,0.0,0.0000,0.0000
257,0,0,host,400.000,520800,17786,248,742,13138,10416.0,0.7244,0.8374
257,1,4,host,400.000,520800,15266,248,742,12433,10416.0,0.7244,0.8878
257,2,8,host,400.000,520800,15266,248,742,12890,10416.0,0.7244,0.8545
257,3,12,host,400.000,520800,15686,248,784,12430,10416.0,0.7244,0.8912
257,4,16,host,400.000,520800,11486,248,826,13263,10416.0,0.7244,0.8347
257,5,20,host,400.000,520800,14186,248,826,12307,10416.0,0.7244,0.9039
257,6,24,host,400.000,520800,14366,248,868,13080,10416.0,0.7244,0.8500
257,7,28,host,400.000,520800,15318,248,868,12806,10416.0,0.7244,0.8694
257,8,32,host,400.000,520800,16406,248,952,13351,10416.0,0.7244,0.8372
257,9,36,host,400.000,520800,17486,248,910,12464,10416.0,0.7244,0.8982
257,10,40,host,400.000,520800,16706,248,994,13321,10416.0,0.7244,0.8421
257,11,44,host,400.000,520800,16346,248,952,12428,10416.0,0.7244,0.9043
257,12,48,host,400.000,520800,14726,248,1036,13302,10416.0,0.7244,0.8463
257,13,52,host,400.000,520800,16706,248,994,12802,10416.0,0.7244,0.8790
257,14,56,host,400.000,520800,15266,248,1036,13482,10416.0,0.7244,0.8341
257,15,60,host,400.000,520800,17546,248,1036,12672,10416.0,0.7244,0.8919
257,16,64,host,400.000,520800,16706,248,1162,13135,10416.0,0.7244,0.8669
257,17,68,host,400.000,520800,13646,248,1078,12824,10416.0,0.7244,0.8836
257,18,72,host,400.000,520800,12746,248,1162,13212,10416.0,0.7244,0.8614
257,19,76,host,400.000,520800,13946,248,1120,12826,10416.0,0.7244,0.8866
257,20,80,host,400.000,520800,12746,248,1330,13431,10416.0,0.7244,0.8578
257,21,84,host,400.000,520800,16646,248,1162,12715,10416.0,0.7244,0.8983
257,22,88,host,400.000,520800,18206,248,1246,13484,10416.0,0.7244,0.8482
257,23,92,host,400.000,520800,16466,248,1204,12681,10416.0,0.7244,0.9042
257,24,96,host,400.000,520800,13886,248,1372,13329,10416.0,0.7244,0.8681
257,25,100,host,400.000,520800,15026,248,1246,12764,10416.0,0.7244,0.9010
257,26,104,host,400.000,520800,13886,248,1372,13717,10416.0,0.7244,0.8409
257,27,108,host,400.000,520800,14726,248,1288,12843,10416.0,0.7244,0.8982
257,28,112,host,400.000,520800,15566,248,1540,13694,10416.0,0.7244,0.8541
257,29,116,host,400.000,520800,16946,248,1330,12879,10416.0,0.7244,0.8986
257,30,120,host,400.000,520800,15806,248,1414,13363,10416.0,0.7244,0.8687
257,31,124,host,400.000,520800,15266,248,1372,13006,10416.0,0.7244,0.8921
257,32,128,host,400.000,520800,16106,248,1666,13781,10416.0,0.7244,0.8568
257,33,132,host,400.000,520800,15720,248,1414,12926,10416.0,0.7244,0.9015
257,34,136,host,400.000,520800,13380,248,1456,13839,10416.0,0.7244,0.8383
257,35,140,host,400.000,520800,14640,248,1456,12925,10416.0,0.7244,0.9049
257,36,144,host,400.000,520800,15420,248,1498,13218,10416.0,0.7244,0.8856
257,37,148,host,400.000,520800,17520,248,1498,13263,10416.0,0.7244,0.8822
257,38,152,host,400.000,520800,17332,248,1666,14178,10416.0,0.7244,0.8297
257,39,156,host,400.000,520800,14760,248,1540,13017,10416.0,0.7244,0.9042
257,40,160,host,400.000,520800,14520,248,1750,14033,10416.0,0.7244,0.8451
257,41,164,host,400.000,520800,15712,248,1582,13066,10416.0,0.7244,0.9037
257,42,168,host,400.000,520800,14246,248,1750,14059,10416.0,0.7244,0.8433
257,43,172,host,400.000,520800,14376,248,1624,13105,10416.0,0.7244,0.9039
257,44,176,host,400.000,520800,14298,248,1876,13993,10416.0,0.7244,0.8566
257,45,180,host,400.000,520800,15806,248,1666,13189,10416.0,0.7244,0.9006
257,46,184,host,400.000,520800,14212,248,1960,14076,10416.0,0.7244,0.8567
257,47,188,host,400.000,520800,15326,248,1708,13132,10416.0,0.7244,0.9084
257,48,192,host,400.000,520800,15866,248,2044,14094,10416.0,0.7244,0.8614
257,49,196,host,400.000,520800,15626,248,1750,13242,10416.0,0.7244,0.9031
257,50,200,host,400.000,520800,19466,248,1960,14095,10416.0,0.7244,0.8554
257,51,204,host,400.000,520800,14006,248,1792,13268,10416.0,0.7244,0.9043
257,52,208,host,400.000,520800,17512,248,1876,13726,10416.0,0.7244,0.8759
257,53,212,host,400.000,520800,16766,248,1834,13165,10416.0,0.7244,0.9159
257,54,216,host,400.000,520800,14572,248,2086,14087,10416.0,0.7244,0.8649
257,55,220,host,400.000,520800,13826,248,1876,13210,10416.0,0.7244,0.9156
257,56,224,host,400.000,520800,15566,248,2254,13609,10416.0,0.7244,0.9139
257,57,228,host,400.000,520800,12206,248,1918,13011,10416.0,0.7244,0.9354
257,58,232,host,400.000,520800,14006,248,2422,13564,10416.0,0.7244,0.9313
257,59,236,host,400.000,520800,15206,248,1918,13079,10416.0,0.7244,0.9298
257,60,240,host,400.000,520800,15206,248,2254,14354,10416.0,0.7244,0.8578
257,61,244,host,400.000,520800,12926,248,1960,13316,10416.0,0.7244,0.9138
257,62,248,host,400.000,520800,17606,248,2338,13656,10416.0,0.7244,0.9169
257,63,252,host,400.000,520800,15566,248,2002,13119,10416.0,0.7244,0.9334
257,64,265,switch,400.000,0,0,0,-1,-1,0.0,0.0000,0.0000
257,65,265,switch,400.000,0,0,0,-1,-1,0.0,0.0000,0.0000
257,66,265,switch,400.000,0,0,0,-1,-1,0.0,0.0000,0.0000
257,67,265,switch,400.000,0,0,0,-1,-1,0.0,0.0000,0.0000
257,68,265,switch,400.000,0,0,0,-1,-1,0.0,0.0000,0.0000
257,69,265,switch,400.000,0,0,0,-1,-1,0.0,0.0000,0.0000
257,70,265,switch,400.000,0,0,0,-1,-1,0.0,0.0000,0.0000
257,71,265,switch,400.000,0,0,0,-1,-1,0.0,0.0000,0.0000
257,72,265,switch,400.000,0,0,0,-1,-1,0.0,0.0000,0.0000
257,73,265,switch,400.000,0,0,0,-1,-1,0.0,0.0000,0.0000
257,74,265,switch,400.000,0,0,0,-1,-1,0.0,0.0000,0.0000
257,75,265,switch,400.000,0,0,0,-1,-1,0.0,0.0000,0.0000
257,76,265,switch,400.000,0,0,0,-1,-1,0.0,0.0000,0.0000
257,77,265,switch,400.000,0,0,0,-1,-1,0.0,0.0000,0.0000
257,78,265,switch,400.000,0,0,0,-1,-1,0.0,0.0000,0.0000
257,79,265,switch,400.000,0,0,0,-1,-1,0.0,0.0000,0.0000
257,80,267,switch,400.000,0,0,0,-1,-1,0.0,0.0000,0.0000
257,81,267,switch,400.000,0,0,0,-1,-1,0.0,0.0000,0.0000
257,82,267,switch,400.000,0,0,0,-1,-1,0.0,0.0000,0.0000
257,83,267,switch,400.000,0,0,0,-1,-1,0.0,0.0000,0.0000
257,84,267,switch,400.000,0,0,0,-1,-1,0.0,0.0000,0.0000
257,85,267,switch,400.000,0,0,0,-1,-1,0.0,0.0000,0.0000
257,86,267,switch,400.000,0,0,0,-1,-1,0.0,0.0000,0.0000
257,87,267,switch,400.000,0,0,0,-1,-1,0.0,0.0000,0.0000
257,88,267,switch,400.000,0,0,0,-1,-1,0.0,0.0000,0.0000
257,89,267,switch,400.000,0,0,0,-1,-1,0.0,0.0000,0.0000
257,90,267,switch,400.000,0,0,0,-1,-1,0.0,0.0000,0.0000
257,91,267,switch,400.000,0,0,0,-1,-1,0.0,0.0000,0.0000
257,92,267,switch,400.000,0,0,0,-1,-1,0.0,0.0000,0.0000
257,93,267,switch,400.000,0,0,0,-1,-1,0.0,0.0000,0.0000
257,94,267,switch,400.000,0,0,0,-1,-1,0.0,0.0000,0.0000
257,95,267,switch,400.000,0,0,0,-1,-1,0.0,0.0000,0.0000
258,0,1,host,400.000,520800,12086,248,742,13082,10416.0,0.7244,0.8412
258,1,5,host,400.000,520800,13286,248,742,12290,10416.0,0.7244,0.8987
258,2,9,host,400.000,520800,15626,248,742,12929,10416.0,0.7244,0.8517
258,3,13,host,400.000,520800,13946,248,784,12408,10416.0,0.7244,0.8929
258,4,17,host,400.000,520800,13826,248,826,13335,10416.0,0.7244,0.8299
258,5,21,host,400.000,520800,12746,248,826,12277,10416.0,0.7244,0.9063
258,6,25,host,400.000,520800,13706,248,868,13029,10416.0,0.7244,0.8536
258,7,29,host,400.000,520800,14632,248,868,12778,10416.0,0.7244,0.8715
258,8,33,host,400.000,520800,15472,248,952,13301,10416.0,0.7244,0.8406
258,9,37,host,400.000,520800,17126,248,910,12454,10416.0,0.7244,0.8990
258,10,41,host,400.000,520800,17666,248,994,13330,10416.0,0.7244,0.8415
258,11,45,host,400.000,520800,17066,248,952,12438,10416.0,0.7244,0.9035
258,12,49,host,400.000,520800,16646,248,1036,13316,10416.0,0.7244,0.8453
258,13,53,host,400.000,520800,12146,248,994,12775,10416.0,0.7244,0.8810
258,14,57,host,400.000,520800,13406,248,1036,13447,10416.0,0.7244,0.8364
258,15,61,host,400.000,520800,14666,248,1036,12728,10416.0,0.7244,0.8877
258,16,65,host,400.000,520800,14846,248,1162,13079,10416.0,0.7244,0.8710
258,17,69,host,400.000,520800,13526,248,1078,12834,10416.0,0.7244,0.8829
258,18,73,host,400.000,520800,14306,248,1162,13220,10416.0,0.7244,0.8608
258,19,77,host,400.000,520800,16886,248,1120,12824,10416.0,0.7244,0.8868
258,20,81,host,400.000,520800,13346,248,1330,13445,10416.0,0.7244,0.8568
258,21,85,host,400.000,520800,16766,248,1162,12695,10416.0,0.7244,0.8999
258,22,89,host,400.000,520800,16586,248,1246,13471,10416.0,0.7244,0.8491
258,23,93,host,400.000,520800,19286,248,1204,12693,10416.0,0.7244,0.9033
258,24,97,host,400.000,520800,15146,248,1372,13323,10416.0,0.7244,0.8685
258,25,101,host,400.000,520800,14126,248,1246,12730,10416.0,0.7244,0.9037
258,26,105,host,400.000,520800,15026,248,1372,13704,10416.0,0.7244,0.8418
258,27,109,host,400.000,520800,15746,248,1288,12820,10416.0,0.7244,0.8999
258,28,113,host,400.000,520800,13706,248,1540,13685,10416.0,0.7244,0.8547
258,29,117,host,400.000,520800,16166,248,1330,12858,10416.0,0.7244,0.9003
258,30,121,host,400.000,520800,16466,248,1414,13412,10416.0,0.7244,0.8651
258,31,125,host,400.000,520800,13946,248,1372,12985,10416.0,0.7244,0.8937
258,32,129,host,400.000,520800,12386,248,1666,13729,10416.0,0.7244,0.8605
258,33,133,host,400.000,520800,16346,248,1414,12907,10416.0,0.7244,0.9030
258,34,137,host,400.000,520800,12060,248,1456,13835,10416.0,0.7244,0.8386
258,35,141,host,400.000,520800,17580,248,1456,12908,10416.0,0.7244,0.9062
258,36,145,host,400.000,520800,15960,248,1834,13691,10416.0,0.7244,0.8754
258,37,149,host,400.000,520800,12480,248,1498,13071,10416.0,0.7244,0.8968
258,38,153,host,400.000,520800,12052,248,1666,14093,10416.0,0.7244,0.8354
258,39,157,host,400.000,520800,14400,248,1540,13005,10416.0,0.7244,0.9052
258,40,161,host,400.000,520800,12960,248,1750,14014,10416.0,0.7244,0.8464
258,41,165,host,400.000,520800,14392,248,1582,13077,10416.0,0.7244,0.9028
258,42,169,host,400.000,520800,14126,248,1750,14057,10416.0,0.7244,0.8435
258,43,173,host,400.000,520800,18036,248,1624,13084,10416.0,0.7244,0.9056
258,44,177,host,400.000,520800,13012,248,1876,13993,10416.0,0.7244,0.8566
258,45,181,host,400.000,520800,17006,248,1666,13151,10416.0,0.7244,0.9036
258,46,185,host,400.000,520800,13904,248,1960,14115,10416.0,0.7244,0.8540
258,47,189,host,400.000,520800,12926,248,1708,13101,10416.0,0.7244,0.9109
258,48,193,host,400.000,520800,13286,248,2044,14095,10416.0,0.7244,0.8613
258,49,197,host,400.000,520800,13586,248,1750,13193,10416.0,0.7244,0.9069
258,50,201,host,400.000,520800,15566,248,1960,14055,10416.0,0.7244,0.8582
258,51,205,host,400.000,520800,14666,248,1792,13206,10416.0,0.7244,0.9092
258,52,209,host,400.000,520800,15772,248,1876,13713,10416.0,0.7244,0.8768
258,53,213,host,400.000,520800,16646,248,1834,13115,10416.0,0.7244,0.9199
258,54,217,host,400.000,520800,17032,248,2086,14124,10416.0,0.7244,0.8623
258,55,221,host,400.000,520800,11066,248,1876,13165,10416.0,0.7244,0.9192
258,56,225,host,400.000,520800,11846,248,2296,13570,10416.0,0.7244,0.9205
258,57,229,host,400.000,520800,15086,248,1918,12970,10416.0,0.7244,0.9389
258,58,233,host,400.000,520800,12566,248,2422,13540,10416.0,0.7244,0.9333
258,59,237,host,400.000,520800,17966,248,1918,13122,10416.0,0.7244,0.9262
258,60,241,host,400.000,520800,16526,248,2254,14321,10416.0,0.7244,0.8602
258,61,245,host,400.000,520800,13406,248,1960,13317,10416.0,0.7244,0.9138
258,62,249,host,400.000,520800,12686,248,2338,13636,10416.0,0.7244,0.9185
258,63,253,host,400.000,520800,14486,248,2002,13118,10416.0,0.7244,0.9335
258,64,264,switch,400.000,0,0,0,-1,-1,0.0,0.0000,0.0000
258,65,264,switch,400.000,0,0,0,-1,-1,0.0,0.0000,0.0000
258,66,264,switch,400.000,0,0,0,-1,-1,0.0,0.0000,0.0000
258,67,264,switch,400.000,0,0,0,-1,-1,0.0,0.0000,0.0000
258,68,264,switch,400.000,0,0,0,-1,-1,0.0,0.0000,0.0000
258,69,264,switch,400.000,0,0,0,-1,-1,0.0,0.0000,0.0000
258,70,264,switch,400.000,0,0,0,-1,-1,0.0,0.0000,0.0000
258,71,264,switch,400.000,0,0,0,-1,-1,0.0,0.0000,0.0000
258,72,264,switch,400.000,0,0,0,-1,-1,0.0,0.0000,0.0000
258,73,264,switch,400.000,0,0,0,-1,-1,0.0,0.0000,0.0000
258,74,264,switch,400.000,0,0,0,-1,-1,0.0,0.0000,0.0000
258,75,264,switch,400.000,0,0,0,-1,-1,0.0,0.0000,0.0000
258,76,264,switch,400.000,0,0,0,-1,-1,0.0,0.0000,0.0000
258,77,264,switch,400.000,0,0,0,-1,-1,0.0,0.0000,0.0000
258,78,264,switch,400.000,0,0,0,-1,-1,0.0,0.0000,0.0000
258,79,264,switch,400.000,0,0,0,-1,-1,0.0,0.0000,0.0000
258,80,266,switch,400.000,0,0,0,-1,-1,0.0,0.0000,0.0000
258,81,266,switch,400.000,0,0,0,-1,-1,0.0,0.0000,0.0000
258,82,266,switch,400.000,0,0,0,-1,-1,0.0,0.0000,0.0000
258,83,266,switch,400.000,0,0,0,-1,-1,0.0,0.0000,0.0000
258,84,266,switch,400.000,0,0,0,-1,-1,0.0,0.0000,0.0000
258,85,266,switch,400.000,0,0,0,-1,-1,0.0,0.0000,0.0000
258,86,266,switch,400.000,0,0,0,-1,-1,0.0,0.0000,0.0000
258,87,266,switch,400.000,0,0,0,-1,-1,0.0,0.0000,0.0000
258,88,266,switch,400.000,0,0,0,-1,-1,0.0,0.0000,0.0000
258,89,266,switch,400.000,0,0,0,-1,-1,0.0,0.0000,0.0000
258,90,266,switch,400.000,0,0,0,-1,-1,0.0,0.0000,0.0000
258,91,266,switch,400.000,0,0,0,-1,-1,0.0,0.0000,0.0000
258,92,266,switch,400.000,0,0,0,-1,-1,0.0,0.0000,0.0000
258,93,266,switch,400.000,0,0,0,-1,-1,0.0,0.0000,0.0000
258,94,266,switch,400.000,0,0,0,-1,-1,0.0,0.0000,0.0000
258,95,266,switch,400.000,0,0,0,-1,-1,0.0,0.0000,0.0000
259,0,1,host,400.000,520800,17846,248,742,13082,10416.0,0.7244,0.8412
259,1,5,host,400.000,520800,16732,248,742,12261,10416.0,0.7244,0.9010
259,2,9,host,400.000,520800,14306,248,742,12860,10416.0,0.7244,0.8566
259,3,13,host,400.000,520800,15986,248,784,12425,10416.0,0.7244,0.8916
259,4,17,host,400.000,520800,16106,248,826,13289,10416.0,0.7244,0.8329
259,5,21,host,400.000,520800,17272,248,826,12305,10416.0,0.7244,0.9041
259,6,25,host,400.000,520800,16226,248,868,13065,10416.0,0.7244,0.8510
259,7,29,host,400.000,520800,15472,248,868,12828,10416.0,0.7244,0.8679
259,8,33,host,400.000,520800,14718,248,952,13265,10416.0,0.7244,0.8431
259,9,37,host,400.000,520800,12806,248,910,12469,10416.0,0.7244,0.8979
259,10,41,host,400.000,520800,12266,248,994,13233,10416.0,0.7244,0.8481
259,11,45,host,400.000,520800,12866,248,952,12475,10416.0,0.7244,0.9006
259,12,49,host,400.000,520800,13286,248,1036,13261,10416.0,0.7244,0.8491
259,13,53,host,400.000,520800,17786,248,994,12735,10416.0,0.7244,0.8840
259,14,57,host,400.000,520800,16526,248,1036,13449,10416.0,0.7244,0.8363
259,15,61,host,400.000,520800,15266,248,1036,12589,10416.0,0.7244,0.8983
259,16,65,host,400.000,520800,15086,248,1162,13081,10416.0,0.7244,0.8708
259,17,69,host,400.000,520800,16406,248,1078,12821,10416.0,0.7244,0.8838
259,18,73,host,400.000,520800,15626,248,1162,13188,10416.0,0.7244,0.8631
259,19,77,host,400.000,520800,13046,248,1120,12774,10416.0,0.7244,0.8906
259,20,81,host,400.000,520800,16586,248,1330,13432,10416.0,0.7244,0.8577
259,21,85,host,400.000,520800,13166,248,1162,12735,10416.0,0.7244,0.8968
259,22,89,host,400.000,520800,13346,248,1246,13415,10416.0,0.7244,0.8530
259,23,93,host,400.000,520800,10646,248,1204,12732,10416.0,0.7244,0.9003
259,24,97,host,400.000,520800,14786,248,1372,13294,10416.0,0.7244,0.8706
259,25,101,host,400.000,520800,15806,248,1246,12781,10416.0,0.7244,0.8997
259,26,105,host,400.000,520800,14906,248,1372,13638,10416.0,0.7244,0.8463
259,27,109,host,400.000,520800,14186,248,1288,12848,10416.0,0.7244,0.8978
259,28,113,host,400.000,520800,16226,248,1540,13648,10416.0,0.7244,0.8573
259,29,117,host,400.000,520800,13852,248,1330,12889,10416.0,0.7244,0.8979
259,30,121,host,400.000,520800,13466,248,1414,13355,10416.0,0.7244,0.8692
259,31,125,host,400.000,520800,15986,248,1372,12990,10416.0,0.7244,0.8933
259,32,129,host,400.000,520800,17546,248,1666,13812,10416.0,0.7244,0.8546
259,33,133,host,400.000,520800,13586,248,1414,12935,10416.0,0.7244,0.9008
259,34,137,host,400.000,520800,17700,248,1456,13878,10416.0,0.7244,0.8357
259,35,141,host,400.000,520800,12180,248,1456,12879,10416.0,0.7244,0.9085
259,36,145,host,400.000,520800,13800,248,1834,13700,10416.0,0.7244,0.8747
259,37,149,host,400.000,520800,17280,248,1498,13095,10416.0,0.7244,0.8949
259,38,153,host,400.000,520800,18052,248,1666,14135,10416.0,0.7244,0.8325
259,39,157,host,400.000,520800,15360,248,1540,13008,10416.0,0.7244,0.9050
259,40,161,host,400.000,520800,16800,248,1750,13998,10416.0,0.7244,0.8475
259,41,165,host,400.000,520800,15712,248,1582,13086,10416.0,0.7244,0.9021
259,42,169,host,400.000,520800,15806,248,1750,14027,10416.0,0.7244,0.8455
259,43,173,host,400.000,520800,12756,248,1624,13078,10416.0,0.7244,0.9061
259,44,177,host,400.000,520800,17092,248,1876,13978,10416.0,0.7244,0.8577
259,45,181,host,400.000,520800,12926,248,1666,13176,10416.0,0.7244,0.9017
259,46,185,host,400.000,520800,16544,248,1960,14123,10416.0,0.7244,0.8534
259,47,189,host,400.000,520800,17006,248,1708,13120,10416.0,0.7244,0.9094
259,48,193,host,400.000,520800,16646,248,2044,14131,10416.0,0.7244,0.8588
259,49,197,host,400.000,520800,16346,248,1750,13200,10416.0,0.7244,0.9064
259,50,201,host,400.000,520800,14366,248,1960,13986,10416.0,0.7244,0.8631
259,51,205,host,400.000,520800,15266,248,1792,13212,10416.0,0.7244,0.9087
259,52,209,host,400.000,520800,14246,248,1876,13717,10416.0,0.7244,0.8765
259,53,213,host,400.000,520800,13286,248,1834,13136,10416.0,0.7244,0.9182
259,54,217,host,400.000,520800,13072,248,2086,14039,10416.0,0.7244,0.8684
259,55,221,host,400.000,520800,18866,248,1876,13215,10416.0,0.7244,0.9152
259,56,225,host,400.000,520800,18086,248,2296,13675,10416.0,0.7244,0.9120
259,57,229,host,400.000,520800,14846,248,1918,13006,10416.0,0.7244,0.9358
259,58,233,host,400.000,520800,17366,248,2422,13618,10416.0,0.7244,0.9269
259,59,237,host,400.000,520800,11966,248,1918,13176,10416.0,0.7244,0.9218
259,60,241,host,400.000,520800,13406,248,2254,14300,10416.0,0.7244,0.8617
259,61,245,host,400.000,520800,16526,248,1960,13309,10416.0,0.7244,0.9144
259,62,249,host,400.000,520800,17246,248,2338,13641,10416.0,0.7244,0.9181
259,63,253,host,400.000,520800,15446,248,2002,13075,10416.0,0.7244,0.9371
259,64,265,switch,400.000,0,0,0,-1,-1,0.0,0.0000,0.0000
259,65,265,switch,400.000,0,0,0,-1,-1,0.0,0.0000,0.0000
259,66,265,switch,400.000,0,0,0,-1,-1,0.0,0.0000,0.0000
259,67,265,switch,400.000,0,0,0,-1,-1,0.0,0.0000,0.0000
259,68,265,switch,400.000,0,0,0,-1,-1,0.0,0.0000,0.0000
259,69,265,switch,400.000,0,0,0,-1,-1,0.0,0.0000,0.0000
259,70,265,switch,400.000,0,0,0,-1,-1,0.0,0.0000,0.0000
259,71,265,switch,400.000,0,0,0,-1,-1,0.0,0.0000,0.0000
259,72,265,switch,400.000,0,0,0,-1,-1,0.0,0.0000,0.0000
259,73,265,switch,400.000,0,0,0,-1,-1,0.0,0.0000,0.0000
259,74,265,switch,400.000,0,0,0,-1,-1,0.0,0.0000,0.0000
259,75,265,switch,400.000,0,0,0,-1,-1,0.0,0.0000,0.0000
259,76,265,switch,400.000,0,0,0,-1,-1,0.0,0.0000,0.0000
259,77,265,switch,400.000,0,0,0,-1,-1,0.0,0.0000,0.0000
259,78,265,switch,400.000,0,0,0,-1,-1,0.0,0.0000,0.0000
259,79,265,switch,400.000,0,0,0,-1,-1,0.0,0.0000,0.0000
259,80,267,switch,400.000,0,0,0,-1,-1,0.0,0.0000,0.0000
259,81,267,switch,400.000,0,0,0,-1,-1,0.0,0.0000,0.0000
259,82,267,switch,400.000,0,0,0,-1,-1,0.0,0.0000,0.0000
259,83,267,switch,400.000,0,0,0,-1,-1,0.0,0.0000,0.0000
259,84,267,switch,400.000,0,0,0,-1,-1,0.0,0.0000,0.0000
259,85,267,switch,400.000,0,0,0,-1,-1,0.0,0.0000,0.0000
259,86,267,switch,400.000,0,0,0,-1,-1,0.0,0.0000,0.0000
259,87,267,switch,400.000,0,0,0,-1,-1,0.0,0.0000,0.0000
259,88,267,switch,400.000,0,0,0,-1,-1,0.0,0.0000,0.0000
259,89,267,switch,400.000,0,0,0,-1,-1,0.0,0.0000,0.0000
259,90,267,switch,400.000,0,0,0,-1,-1,0.0,0.0000,0.0000
259,91,267,switch,400.000,0,0,0,-1,-1,0.0,0.0000,0.0000
259,92,267,switch,400.000,0,0,0,-1,-1,0.0,0.0000,0.0000
259,93,267,switch,400.000,0,0,0,-1,-1,0.0,0.0000,0.0000
259,94,267,switch,400.000,0,0,0,-1,-1,0.0,0.0000,0.0000
259,95,267,switch,400.000,0,0,0,-1,-1,0.0,0.0000,0.0000
260,0,2,host,400.000,520800,14966,248,742,13073,10416.0,0.7244,0.8418
260,1,6,host,400.000,520800,15686,248,742,12398,10416.0,0.7244,0.8904
260,2,10,host,400.000,520800,14186,248,742,12865,10416.0,0.7244,0.8562
260,3,14,host,400.000,520800,14066,248,784,12447,10416.0,0.7244,0.8899
260,4,18,host,400.000,520800,16286,248,826,13308,10416.0,0.7244,0.8317
260,5,22,host,400.000,520800,12266,248,826,12325,10416.0,0.7244,0.9025
260,6,26,host,400.000,520800,13046,248,868,12980,10416.0,0.7244,0.8570
260,7,30,host,400.000,520800,14092,248,868,12829,10416.0,0.7244,0.8678
260,8,34,host,400.000,520800,17418,248,952,13350,10416.0,0.7244,0.8373
260,9,38,host,400.000,520800,16826,248,910,12472,10416.0,0.7244,0.8976
260,10,42,host,400.000,520800,14486,248,994,13285,10416.0,0.7244,0.8446
260,11,46,host,400.000,520800,15746,248,952,12429,10416.0,0.7244,0.9042
260,12,50,host,400.000,520800,14246,248,1036,13296,10416.0,0.7244,0.8467
260,13,54,host,400.000,520800,15866,248,994,12786,10416.0,0.7244,0.8802
260,14,58,host,400.000,520800,16706,248,1036,13438,10416.0,0.7244,0.8370
260,15,62,host,400.000,520800,13826,248,1036,12675,10416.0,0.7244,0.8917
260,16,66,host,400.000,520800,16346,248,1162,13099,10416.0,0.7244,0.8695
260,17,70,host,400.000,520800,16706,248,1078,12889,10416.0,0.7244,0.8788
260,18,74,host,400.000,520800,13886,248,1162,13208,10416.0,0.7244,0.8617
260,19,78,host,400.000,520800,13706,248,1120,12808,10416.0,0.7244,0.8880
260,20,82,host,400.000,520800,14126,248,1330,13403,10416.0,0.7244,0.8598
260,21,86,host,400.000,520800,14066,248,1162,12716,10416.0,0.7244,0.8982
260,22,90,host,400.000,520800,14066,248,1246,13425,10416.0,0.7244,0.8523
260,23,94,host,400.000,520800,12026,248,1204,12715,10416.0,0.7244,0.9016
260,24,98,host,400.000,520800,11306,248,1372,13286,10416.0,0.7244,0.8712
260,25,102,host,400.000,520800,15986,248,1246,12765,10416.0,0.7244,0.9010
260,26,106,host,400.000,520800,14846,248,1372,13723,10416.0,0.7244,0.8405
260,27,110,host,400.000,520800,16766,248,1288,12835,10416.0,0.7244,0.8988
260,28,114,host,400.000,520800,12746,248,1540,13658,10416.0,0.7244,0.8566
260,29,118,host,400.000,520800,17272,248,1330,12936,10416.0,0.7244,0.8942
260,30,122,host,400.000,520800,14606,248,1414,13397,10416.0,0.7244,0.8662
260,31,126,host,400.000,520800,15266,248,1372,13024,10416.0,0.7244,0.8907
260,32,130,host,400.000,520800,15686,248,1666,13851,10416.0,0.7244,0.8519
260,33,134,host,400.000,520800,16526,248,1414,12940,10416.0,0.7244,0.9004
260,34,138,host,400.000,520800,12780,248,1456,13780,10416.0,0.7244,0.8423
260,35,142,host,400.000,520800,12360,248,1456,12934,10416.0,0.7244,0.9042
260,36,146,host,400.000,520800,14940,248,1834,13719,10416.0,0.7244,0.8733
260,37,150,host,400.000,520800,14100,248,1498,13109,10416.0,0.7244,0.8938
260,38,154,host,400.000,520800,16912,248,1624,14110,10416.0,0.7244,0.8314
260,39,158,host,400.000,520800,15900,248,1540,13042,10416.0,0.7244,0.9023
260,40,162,host,400.000,520800,14580,248,1750,14005,10416.0,0.7244,0.8470
260,41,166,host,400.000,520800,15292,248,1582,13108,10416.0,0.7244,0.9004
260,42,170,host,400.000,520800,15566,248,1750,14065,10416.0,0.7244,0.8429
260,43,174,host,400.000,520800,12876,248,1624,13107,10416.0,0.7244,0.9038
260,44,178,host,400.000,520800,15866,248,1876,13991,10416.0,0.7244,0.8568
260,45,182,host,400.000,520800,19346,248,1666,13201,10416.0,0.7244,0.8997
260,46,186,host,400.000,520800,16124,248,1960,14162,10416.0,0.7244,0.8507
260,47,190,host,400.000,520800,16586,248,1708,13167,10416.0,0.7244,0.9057
260,48,194,host,400.000,520800,14632,248,2044,14098,10416.0,0.7244,0.8611
260,49,198,host,400.000,520800,18026,248,1750,13242,10416.0,0.7244,0.9031
260,50,202,host,400.000,520800,12806,248,1918,14024,10416.0,0.7244,0.8574
260,51,206,host,400.000,520800,17606,248,1792,13282,10416.0,0.7244,0.9032
260,52,210,host,400.000,520800,11032,248,1876,13741,10416.0,0.7244,0.8748
260,53,214,host,400.000,520800,13226,248,1834,13145,10416.0,0.7244,0.9175
260,54,218,host,400.000,520800,15532,248,2086,14128,10416.0,0.7244,0.8620
260,55,222,host,400.000,520800,17726,248,1876,13202,10416.0,0.7244,0.9163
260,56,226,host,400.000,520800,11966,248,2296,13674,10416.0,0.7244,0.9121
260,57,230,host,400.000,520800,12206,248,1918,12986,10416.0,0.7244,0.9375
260,58,234,host,400.000,520800,14966,248,2422,13661,10416.0,0.7244,0.9233
260,59,238,host,400.000,520800,16286,248,1918,13109,10416.0,0.7244,0.9273
260,60,242,host,400.000,520800,12686,248,2254,14309,10416.0,0.7244,0.8610
260,61,246,host,400.000,520800,16286,248,1960,13360,10416.0,0.7244,0.9103
260,62,250,host,400.000,520800,14966,248,2338,13711,10416.0,0.7244,0.9125
260,63,254,host,400.000,520800,17246,248,2002,13139,10416.0,0.7244,0.9317
260,64,264,switch,400.000,0,0,0,-1,-1,0.0,0.0000,0.0000
260,65,264,switch,400.000,0,0,0,-1,-1,0.0,0.0000,0.0000
260,66,264,switch,400.000,0,0,0,-1,-1,0.0,0.0000,0.0000
260,67,264,switch,400.000,0,0,0,-1,-1,0.0,0.0000,0.0000
260,68,264,switch,400.000,0,0,0,-1,-1,0.0,0.0000,0.0000
260,69,264,switch,400.000,0,0,0,-1,-1,0.0,0.0000,0.0000
260,70,264,switch,400.000,0,0,0,-1,-1,0.0,0.0000,0.0000
260,71,264,switch,400.000,0,0,0,-1,-1,0.0,0.0000,0.0000
260,72,264,switch,400.000,0,0,0,-1,-1,0.0,0.0000,0.0000
260,73,264,switch,400.000,0,0,0,-1,-1,0.0,0.0000,0.0000
260,74,264,switch,400.000,0,0,0,-1,-1,0.0,0.0000,0.0000
260,75,264,switch,400.000,0,0,0,-1,-1,0.0,0.0000,0.0000
260,76,264,switch,400.000,0,0,0,-1,-1,0.0,0.0000,0.0000
260,77,264,switch,400.000,0,0,0,-1,-1,0.0,0.0000,0.0000
260,78,264,switch,400.000,0,0,0,-1,-1,0.0,0.0000,0.0000
260,79,264,switch,400.000,0,0,0,-1,-1,0.0,0.0000,0.0000
260,80,266,switch,400.000,0,0,0,-1,-1,0.0,0.0000,0.0000
260,81,266,switch,400.000,0,0,0,-1,-1,0.0,0.0000,0.0000
260,82,266,switch,400.000,0,0,0,-1,-1,0.0,0.0000,0.0000
260,83,266,switch,400.000,0,0,0,-1,-1,0.0,0.0000,0.0000
260,84,266,switch,400.000,0,0,0,-1,-1,0.0,0.0000,0.0000
260,85,266,switch,400.000,0,0,0,-1,-1,0.0,0.0000,0.0000
260,86,266,switch,400.000,0,0,0,-1,-1,0.0,0.0000,0.0000
260,87,266,switch,400.000,0,0,0,-1,-1,0.0,0.0000,0.0000
260,88,266,switch,400.000,0,0,0,-1,-1,0.0,0.0000,0.0000
260,89,266,switch,400.000,0,0,0,-1,-1,0.0,0.0000,0.0000
260,90,266,switch,400.000,0,0,0,-1,-1,0.0,0.0000,0.0000
260,91,266,switch,400.000,0,0,0,-1,-1,0.0,0.0000,0.0000
260,92,266,switch,400.000,0,0,0,-1,-1,0.0,0.0000,0.0000
260,93,266,switch,400.000,0,0,0,-1,-1,0.0,0.0000,0.0000
260,94,266,switch,400.000,0,0,0,-1,-1,0.0,0.0000,0.0000
260,95,266,switch,400.000,0,0,0,-1,-1,0.0,0.0000,0.0000
261,0,2,host,400.000,520800,14966,248,742,13110,10416.0,0.7244,0.8393
261,1,6,host,400.000,520800,14246,248,742,12385,10416.0,0.7244,0.8914
261,2,10,host,400.000,520800,15746,248,742,12897,10416.0,0.7244,0.8540
261,3,14,host,400.000,520800,15866,248,784,12415,10416.0,0.7244,0.8923
261,4,18,host,400.000,520800,13646,248,826,13295,10416.0,0.7244,0.8325
261,5,22,host,400.000,520800,17666,248,826,12287,10416.0,0.7244,0.9055
261,6,26,host,400.000,520800,16972,248,868,13055,10416.0,0.7244,0.8517
261,7,30,host,400.000,520800,16098,248,868,12776,10416.0,0.7244,0.8716
261,8,34,host,400.000,520800,12772,248,952,13285,10416.0,0.7244,0.8417
261,9,38,host,400.000,520800,13106,248,910,12457,10416.0,0.7244,0.8988
261,10,42,host,400.000,520800,15446,248,994,13308,10416.0,0.7244,0.8430
261,11,46,host,400.000,520800,14186,248,952,12430,10416.0,0.7244,0.9042
261,12,50,host,400.000,520800,15686,248,1036,13311,10416.0,0.7244,0.8457
261,13,54,host,400.000,520800,14066,248,994,12751,10416.0,0.7244,0.8828
261,14,58,host,400.000,520800,13226,248,1036,13425,10416.0,0.7244,0.8379
261,15,62,host,400.000,520800,16106,248,1036,12683,10416.0,0.7244,0.8911
261,16,66,host,400.000,520800,13586,248,1162,13067,10416.0,0.7244,0.8719
261,17,70,host,400.000,520800,13226,248,1078,12881,10416.0,0.7244,0.8794
261,18,74,host,400.000,520800,16046,248,1162,13271,10416.0,0.7244,0.8572
261,19,78,host,400.000,520800,16226,248,1120,12841,10416.0,0.7244,0.8855
261,20,82,host,400.000,520800,15806,248,1330,13473,10416.0,0.7244,0.8548
261,21,86,host,400.000,520800,15866,248,1162,12712,10416.0,0.7244,0.8986
261,22,90,host,400.000,520800,15866,248,1246,13475,10416.0,0.7244,0.8488
261,23,94,host,400.000,520800,17906,248,1204,12702,10416.0,0.7244,0.9026
261,24,98,host,400.000,520800,18626,248,1372,13367,10416.0,0.7244,0.8653
261,25,102,host,400.000,520800,13946,248,1246,12752,10416.0,0.7244,0.9020
261,26,106,host,400.000,520800,15086,248,1372,13754,10416.0,0.7244,0.8384
261,27,110,host,400.000,520800,13166,248,1288,12828,10416.0,0.7244,0.8993
261,28,114,host,400.000,520800,17186,248,1540,13690,10416.0,0.7244,0.8543
261,29,118,host,400.000,520800,12832,248,1330,12922,10416.0,0.7244,0.8953
261,30,122,host,400.000,520800,15326,248,1414,13415,10416.0,0.7244,0.8649
261,31,126,host,400.000,520800,14666,248,1372,13010,10416.0,0.7244,0.8918
261,32,130,host,400.000,520800,14246,248,1666,13811,10416.0,0.7244,0.8547
261,33,134,host,400.000,520800,13406,248,1414,12926,10416.0,0.7244,0.9015
261,34,138,host,400.000,520800,16980,248,1456,13844,10416.0,0.7244,0.8380
261,35,142,host,400.000,520800,17400,248,1456,12930,10416.0,0.7244,0.9045
261,36,146,host,400.000,520800,14820,248,1834,13664,10416.0,0.7244,0.8774
261,37,150,host,400.000,520800,15660,248,1498,13098,10416.0,0.7244,0.8947
261,38,154,host,400.000,520800,13192,248,1624,14127,10416.0,0.7244,0.8303
261,39,158,host,400.000,520800,13860,248,1540,13023,10416.0,0.7244,0.9038
261,40,162,host,400.000,520800,15180,248,1750,14015,10416.0,0.7244,0.8463
261,41,166,host,400.000,520800,14812,248,1582,13103,10416.0,0.7244,0.9008
261,42,170,host,400.000,520800,14366,248,1750,14075,10416.0,0.7244,0.8422
261,43,174,host,400.000,520800,17916,248,1624,13106,10416.0,0.7244,0.9039
261,44,178,host,400.000,520800,14066,248,1876,14031,10416.0,0.7244,0.8540
261,45,182,host,400.000,520800,10586,248,1666,13191,10416.0,0.7244,0.9005
261,46,186,host,400.000,520800,14324,248,1960,14104,10416.0,0.7244,0.8548
261,47,190,host,400.000,520800,13346,248,1708,13067,10416.0,0.7244,0.9136
261,48,194,host,400.000,520800,15472,248,2044,14075,10416.0,0.7244,0.8628
261,49,198,host,400.000,520800,11906,248,1750,13232,10416.0,0.7244,0.9039
261,50,202,host,400.000,520800,17126,248,1918,14094,10416.0,0.7244,0.8525
261,51,206,host,400.000,520800,12326,248,1792,13248,10416.0,0.7244,0.9059
261,52,210,host,400.000,520800,19072,248,1876,13740,10416.0,0.7244,0.8749
261,53,214,host,400.000,520800,16706,248,1834,13154,10416.0,0.7244,0.9167
261,54,218,host,400.000,520800,14572,248,2086,14138,10416.0,0.7244,0.8613
261,55,222,host,400.000,520800,12206,248,1876,13185,10416.0,0.7244,0.9176
261,56,226,host,400.000,520800,17966,248,2296,13631,10416.0,0.7244,0.9155
261,57,230,host,400.000,520800,17726,248,1918,12977,10416.0,0.7244,0.9383
261,58,234,host,400.000,520800,14966,248,2422,13597,10416.0,0.7244,0.9286
261,59,238,host,400.000,520800,13646,248,1918,13165,10416.0,0.7244,0.9227
261,60,242,host,400.000,520800,17246,248,2254,14348,10416.0,0.7244,0.8583
261,61,246,host,400.000,520800,13646,248,1960,13354,10416.0,0.7244,0.9108
261,62,250,host,400.000,520800,14966,248,2338,13707,10416.0,0.7244,0.9128
261,63,254,host,400.000,520800,12686,248,2002,13157,10416.0,0.7244,0.9302
261,64,265,switch,400.000,0,0,0,-1,-1,0.0,0.0000,0.0000
261,65,265,switch,400.000,0,0,0,-1,-1,0.0,0.0000,0.0000
261,66,265,switch,400.000,0,0,0,-1,-1,0.0,0.0000,0.0000
261,67,265,switch,400.000,0,0,0,-1,-1,0.0,0.0000,0.0000
261,68,265,switch,400.000,0,0,0,-1,-1,0.0,0.0000,0.0000
261,69,265,switch,400.000,0,0,0,-1,-1,0.0,0.0000,0.0000
261,70,265,switch,400.000,0,0,0,-1,-1,0.0,0.0000,0.0000
261,71,265,switch,400.000,0,0,0,-1,-1,0.0,0.0000,0.0000
261,72,265,switch,400.000,0,0,0,-1,-1,0.0,0.0000,0.0000
261,73,265,switch,400.000,0,0,0,-1,-1,0.0,0.0000,0.0000
261,74,265,switch,400.000,0,0,0,-1,-1,0.0,0.0000,0.0000
261,75,265,switch,400.000,0,0,0,-1,-1,0.0,0.0000,0.0000
261,76,265,switch,400.000,0,0,0,-1,-1,0.0,0.0000,0.0000
261,77,265,switch,400.000,0,0,0,-1,-1,0.0,0.0000,0.0000
261,78,265,switch,400.000,0,0,0,-1,-1,0.0,0.0000,0.0000
261,79,265,switch,400.000,0,0,0,-1,-1,0.0,0.0000,0.0000
261,80,267,switch,400.000,0,0,0,-1,-1,0.0,0.0000,0.0000
261,81,267,switch,400.000,0,0,0,-1,-1,0.0,0.0000,0.0000
261,82,267,switch,400.000,0,0,0,-1,-1,0.0,0.0000,0.0000
261,83,267,switch,400.000,0,0,0,-1,-1,0.0,0.0000,0.0000
261,84,267,switch,400.000,0,0,0,-1,-1,0.0,0.0000,0.0000
261,85,267,switch,400.000,0,0,0,-1,-1,0.0,0.0000,0.0000
261,86,267,switch,400.000,0,0,0,-1,-1,0.0,0.0000,0.0000
261,87,267,switch,400.000,0,0,0,-1,-1,0.0,0.0000,0.0000
261,88,267,switch,400.000,0,0,0,-1,-1,0.0,0.0000,0.0000
261,89,267,switch,400.000,0,0,0,-1,-1,0.0,0.0000,0.0000
261,90,267,switch,400.000,0,0,0,-1,-1,0.0,0.0000,0.0000
261,91,267,switch,400.000,0,0,0,-1,-1,0.0,0.0000,0.0000
261,92,267,switch,400.000,0,0,0,-1,-1,0.0,0.0000,0.0000
261,93,267,switch,400.000,0,0,0,-1,-1,0.0,0.0000,0.0000
261,94,267,switch,400.000,0,0,0,-1,-1,0.0,0.0000,0.0000
261,95,267,switch,400.000,0,0,0,-1,-1,0.0,0.0000,0.0000
262,0,3,host,400.000,520800,13406,248,742,13115,10416.0,0.7244,0.8390
262,1,7,host,400.000,520800,12806,248,742,12368,10416.0,0.7244,0.8927
262,2,11,host,400.000,520800,15866,248,742,12857,10416.0,0.7244,0.8568
262,3,15,host,400.000,520800,15806,248,784,12530,10416.0,0.7244,0.8836
262,4,19,host,400.000,520800,15026,248,826,13309,10416.0,0.7244,0.8316
262,5,23,host,400.000,520800,11966,248,826,12364,10416.0,0.7244,0.8995
262,6,27,host,400.000,520800,12986,248,868,13049,10416.0,0.7244,0.8522
262,7,31,host,400.000,520800,14752,248,868,12777,10416.0,0.7244,0.8716
262,8,35,host,400.000,520800,13938,248,952,13290,10416.0,0.7244,0.8414
262,9,39,host,400.000,520800,15626,248,910,12536,10416.0,0.7244,0.8927
262,10,43,host,400.000,520800,14426,248,994,13301,10416.0,0.7244,0.8435
262,11,47,host,400.000,520800,13406,248,952,12481,10416.0,0.7244,0.9002
262,12,51,host,400.000,520800,16406,248,1036,13355,10416.0,0.7244,0.8427
262,13,55,host,400.000,520800,14846,248,994,12765,10416.0,0.7244,0.8817
262,14,59,host,400.000,520800,13826,248,1036,13430,10416.0,0.7244,0.8376
262,15,63,host,400.000,520800,11726,248,1036,12633,10416.0,0.7244,0.8949
262,16,67,host,400.000,520800,16946,248,1162,13129,10416.0,0.7244,0.8673
262,17,71,host,400.000,520800,12686,248,1078,12888,10416.0,0.7244,0.8788
262,18,75,host,400.000,520800,13526,248,1162,13224,10416.0,0.7244,0.8605
262,19,79,host,400.000,520800,14306,248,1120,12839,10416.0,0.7244,0.8856
262,20,83,host,400.000,520800,15566,248,1330,13484,10416.0,0.7244,0.8541
262,21,87,host,400.000,520800,15206,248,1162,12753,10416.0,0.7244,0.8954
262,22,91,host,400.000,520800,19046,248,1246,13481,10416.0,0.7244,0.8484
262,23,95,host,400.000,520800,17126,248,1204,12740,10416.0,0.7244,0.8996
262,24,99,host,400.000,520800,16826,248,1372,13310,10416.0,0.7244,0.8694
262,25,103,host,400.000,520800,16226,248,1246,12809,10416.0,0.7244,0.8975
262,26,107,host,400.000,520800,13226,248,1372,13678,10416.0,0.7244,0.8435
262,27,111,host,400.000,520800,17846,248,1288,12852,10416.0,0.7244,0.8975
262,28,115,host,400.000,520800,14606,248,1540,13654,10416.0,0.7244,0.8569
262,29,119,host,400.000,520800,13526,248,1330,12932,10416.0,0.7244,0.8945
262,30,123,host,400.000,520800,11906,248,1414,13382,10416.0,0.7244,0.8673
262,31,127,host,400.000,520800,15146,248,1372,13061,10416.0,0.7244,0.8879
262,32,131,host,400.000,520800,18206,248,1666,13853,10416.0,0.7244,0.8517
262,33,135,host,400.000,520800,13946,248,1414,12982,10416.0,0.7244,0.8972
262,34,139,host,400.000,520800,14340,248,1456,13804,10416.0,0.7244,0.8407
262,35,143,host,400.000,520800,11700,248,1456,12979,10416.0,0.7244,0.9006
262,36,147,host,400.000,520800,13020,248,1834,13723,10416.0,0.7244,0.8730
262,37,151,host,400.000,520800,14340,248,1498,13149,10416.0,0.7244,0.8908
262,38,155,host,400.000,520800,16492,248,1666,14127,10416.0,0.7244,0.8331
262,39,159,host,400.000,520800,16140,248,1540,13019,10416.0,0.7244,0.9041
262,40,163,host,400.000,520800,13740,248,1750,13936,10416.0,0.7244,0.8518
262,41,167,host,400.000,520800,17898,248,1582,13159,10416.0,0.7244,0.8965
262,42,171,host,400.000,520800,16432,248,1750,14072,10416.0,0.7244,0.8424
262,43,175,host,400.000,520800,15456,248,1624,13148,10416.0,0.7244,0.9006
262,44,179,host,400.000,520800,17126,248,1876,14009,10416.0,0.7244,0.8555
262,45,183,host,400.000,520800,12866,248,1666,13194,10416.0,0.7244,0.9003
262,46,187,host,400.000,520800,14384,248,1960,14101,10416.0,0.7244,0.8550
262,47,191,host,400.000,520800,14186,248,1708,13159,10416.0,0.7244,0.9063
262,48,195,host,400.000,520800,14966,248,2044,14074,10416.0,0.7244,0.8628
262,49,199,host,400.000,520800,15206,248,1750,13329,10416.0,0.7244,0.8963
262,50,203,host,400.000,520800,12326,248,1960,14039,10416.0,0.7244,0.8593
262,51,207,host,400.000,520800,14426,248,1792,13250,10416.0,0.7244,0.9057
262,52,211,host,400.000,520800,17786,248,1876,13805,10416.0,0.7244,0.8701
262,53,215,host,400.000,520800,10346,248,1834,13282,10416.0,0.7244,0.9065
262,54,219,host,400.000,520800,15592,248,2086,14080,10416.0,0.7244,0.8654
262,55,223,host,400.000,520800,14786,248,1876,13267,10416.0,0.7244,0.9110
262,56,227,host,400.000,520800,12086,248,2296,13611,10416.0,0.7244,0.9171
262,57,231,host,400.000,520800,14486,248,1918,13051,10416.0,0.7244,0.9321
262,58,235,host,400.000,520800,17606,248,2422,13762,10416.0,0.7244,0.9151
262,59,239,host,400.000,520800,13526,248,1918,13185,10416.0,0.7244,0.9210
262,60,243,host,400.000,520800,15446,248,2254,14340,10416.0,0.7244,0.8588
262,61,247,host,400.000,520800,13406,248,1960,13375,10416.0,0.7244,0.9091
262,62,251,host,400.000,520800,16526,248,2128,13634,10416.0,0.7244,0.9020
262,63,255,host,400.000,520800,14486,248,2002,13173,10416.0,0.7244,0.9289
262,64,264,switch,400.000,0,0,0,-1,-1,0.0,0.0000,0.0000
262,65,264,switch,400.000,0,0,0,-1,-1,0.0,0.0000,0.0000
262,66,264,switch,400.000,0,0,0,-1,-1,0.0,0.0000,0.0000
262,67,264,switch,400.000,0,0,0,-1,-1,0.0,0.0000,0.0000
262,68,264,switch,400.000,0,0,0,-1,-1,0.0,0.0000,0.0000
262,69,264,switch,400.000,0,0,0,-1,-1,0.0,0.0000,0.0000
262,70,264,switch,400.000,0,0,0,-1,-1,0.0,0.0000,0.0000
262,71,264,switch,400.000,0,0,0,-1,-1,0.0,0.0000,0.0000
262,72,264,switch,400.000,0,0,0,-1,-1,0.0,0.0000,0.0000
262,73,264,switch,400.000,0,0,0,-1,-1,0.0,0.0000,0.0000
262,74,264,switch,400.000,0,0,0,-1,-1,0.0,0.0000,0.0000
262,75,264,switch,400.000,0,0,0,-1,-1,0.0,0.0000,0.0000
262,76,264,switch,400.000,0,0,0,-1,-1,0.0,0.0000,0.0000
262,77,264,switch,400.000,0,0,0,-1,-1,0.0,0.0000,0.0000
262,78,264,switch,400.000,0,0,0,-1,-1,0.0,0.0000,0.0000
262,79,264,switch,400.000,0,0,0,-1,-1,0.0,0.0000,0.0000
262,80,266,switch,400.000,0,0,0,-1,-1,0.0,0.0000,0.0000
262,81,266,switch,400.000,0,0,0,-1,-1,0.0,0.0000,0.0000
262,82,266,switch,400.000,0,0,0,-1,-1,0.0,0.0000,0.0000
262,83,266,switch,400.000,0,0,0,-1,-1,0.0,0.0000,0.0000
262,84,266,switch,400.000,0,0,0,-1,-1,0.0,0.0000,0.0000
262,85,266,switch,400.000,0,0,0,-1,-1,0.0,0.0000,0.0000
262,86,266,switch,400.000,0,0,0,-1,-1,0.0,0.0000,0.0000
262,87,266,switch,400.000,0,0,0,-1,-1,0.0,0.0000,0.0000
262,88,266,switch,400.000,0,0,0,-1,-1,0.0,0.0000,0.0000
262,89,266,switch,400.000,0,0,0,-1,-1,0.0,0.0000,0.0000
262,90,266,switch,400.000,0,0,0,-1,-1,0.0,0.0000,0.0000
262,91,266,switch,400.000,0,0,0,-1,-1,0.0,0.0000,0.0000
262,92,266,switch,400.000,0,0,0,-1,-1,0.0,0.0000,0.0000
262,93,266,switch,400.000,0,0,0,-1,-1,0.0,0.0000,0.0000
262,94,266,switch,400.000,0,0,0,-1,-1,0.0,0.0000,0.0000
262,95,266,switch,400.000,0,0,0,-1,-1,0.0,0.0000,0.0000
263,0,3,host,400.000,520800,16526,248,742,13137,10416.0,0.7244,0.8375
263,1,7,host,400.000,520800,17126,248,742,12324,10416.0,0.7244,0.8961
263,2,11,host,400.000,520800,14066,248,742,12835,10416.0,0.7244,0.8583
263,3,15,host,400.000,520800,14126,248,784,12527,10416.0,0.7244,0.8838
263,4,19,host,400.000,520800,14906,248,826,13306,10416.0,0.7244,0.8318
263,5,23,host,400.000,520800,17966,248,826,12358,10416.0,0.7244,0.8999
263,6,27,host,400.000,520800,16946,248,868,13069,10416.0,0.7244,0.8508
263,7,31,host,400.000,520800,15352,248,868,12742,10416.0,0.7244,0.8741
263,8,35,host,400.000,520800,16252,248,952,13307,10416.0,0.7244,0.8402
263,9,39,host,400.000,520800,14306,248,910,12536,10416.0,0.7244,0.8927
263,10,43,host,400.000,520800,15506,248,994,13309,10416.0,0.7244,0.8429
263,11,47,host,400.000,520800,16526,248,952,12465,10416.0,0.7244,0.9014
263,12,51,host,400.000,520800,13526,248,1036,13296,10416.0,0.7244,0.8467
263,13,55,host,400.000,520800,15086,248,994,12728,10416.0,0.7244,0.8845
263,14,59,host,400.000,520800,16106,248,1036,13446,10416.0,0.7244,0.8365
263,15,63,host,400.000,520800,18206,248,1036,12637,10416.0,0.7244,0.8946
263,16,67,host,400.000,520800,12986,248,1162,13082,10416.0,0.7244,0.8708
263,17,71,host,400.000,520800,17246,248,1078,12896,10416.0,0.7244,0.8782
263,18,75,host,400.000,520800,16406,248,1162,13257,10416.0,0.7244,0.8582
263,19,79,host,400.000,520800,15626,248,1120,12846,10416.0,0.7244,0.8851
263,20,83,host,400.000,520800,14366,248,1330,13489,10416.0,0.7244,0.8537
263,21,87,host,400.000,520800,14726,248,1162,12760,10416.0,0.7244,0.8948
263,22,91,host,400.000,520800,10886,248,1246,13382,10416.0,0.7244,0.8553
263,23,95,host,400.000,520800,12806,248,1204,12760,10416.0,0.7244,0.8981
263,24,99,host,400.000,520800,13106,248,1372,13299,10416.0,0.7244,0.8702
263,25,103,host,400.000,520800,13706,248,1246,12841,10416.0,0.7244,0.8951
263,26,107,host,400.000,520800,16706,248,1372,13717,10416.0,0.7244,0.8409
263,27,111,host,400.000,520800,12086,248,1288,12864,10416.0,0.7244,0.8965
263,28,115,host,400.000,520800,15326,248,1540,13667,10416.0,0.7244,0.8559
263,29,119,host,400.000,520800,16406,248,1330,12954,10416.0,0.7244,0.8929
263,30,123,host,400.000,520800,18026,248,1414,13481,10416.0,0.7244,0.8602
263,31,127,host,400.000,520800,14786,248,1372,13076,10416.0,0.7244,0.8868
263,32,131,host,400.000,520800,11726,248,1666,13754,10416.0,0.7244,0.8587
263,33,135,host,400.000,520800,15986,248,1414,13003,10416.0,0.7244,0.8955
263,34,139,host,400.000,520800,15420,248,1456,13836,10416.0,0.7244,0.8385
263,35,143,host,400.000,520800,18060,248,1456,13005,10416.0,0.7244,0.8986
263,36,147,host,400.000,520800,16740,248,1834,13714,10416.0,0.7244,0.8737
263,37,151,host,400.000,520800,15420,248,1498,13171,10416.0,0.7244,0.8891
263,38,155,host,400.000,520800,13612,248,1666,14119,10416.0,0.7244,0.8336
263,39,159,host,400.000,520800,13620,248,1540,13037,10416.0,0.7244,0.9027
263,40,163,host,400.000,520800,16020,248,1750,14028,10416.0,0.7244,0.8455
263,41,167,host,400.000,520800,12292,248,1582,13142,10416.0,0.7244,0.8978
263,42,171,host,400.000,520800,13586,248,1750,14054,10416.0,0.7244,0.8437
263,43,175,host,400.000,520800,15422,248,1624,13099,10416.0,0.7244,0.9044
263,44,179,host,400.000,520800,12806,248,1876,13987,10416.0,0.7244,0.8571
263,45,183,host,400.000,520800,17066,248,1666,13191,10416.0,0.7244,0.9005
263,46,187,host,400.000,520800,16064,248,1960,14126,10416.0,0.7244,0.8532
263,47,191,host,400.000,520800,15746,248,1708,13145,10416.0,0.7244,0.9074
263,48,195,host,400.000,520800,14966,248,2044,14069,10416.0,0.7244,0.8632
263,49,199,host,400.000,520800,14812,248,1750,13259,10416.0,0.7244,0.9017
263,50,203,host,400.000,520800,17606,248,1960,14081,10416.0,0.7244,0.8564
263,51,207,host,400.000,520800,15506,248,1792,13218,10416.0,0.7244,0.9083
263,52,211,host,400.000,520800,12232,248,1876,13743,10416.0,0.7244,0.8746
263,53,215,host,400.000,520800,19586,248,1834,13289,10416.0,0.7244,0.9060
263,54,219,host,400.000,520800,14426,248,2086,14084,10416.0,0.7244,0.8651
263,55,223,host,400.000,520800,15146,248,1876,13213,10416.0,0.7244,0.9154
263,56,227,host,400.000,520800,17846,248,2296,13674,10416.0,0.7244,0.9121
263,57,231,host,400.000,520800,15446,248,1918,13001,10416.0,0.7244,0.9363
263,58,235,host,400.000,520800,12326,248,2422,13698,10416.0,0.7244,0.9203
263,59,239,host,400.000,520800,16406,248,1918,13134,10416.0,0.7244,0.9252
263,60,243,host,400.000,520800,14486,248,2254,14379,10416.0,0.7244,0.8561
263,61,247,host,400.000,520800,16526,248,1960,13323,10416.0,0.7244,0.9133
263,62,251,host,400.000,520800,13406,248,2128,13626,10416.0,0.7244,0.9026
263,63,255,host,400.000,520800,15446,248,2002,13076,10416.0,0.7244,0.9370
263,64,265,switch,400.000,0,0,0,-1,-1,0.0,0.0000,0.0000
263,65,265,switch,400.000,0,0,0,-1,-1,0.0,0.0000,0.0000
263,66,265,switch,400.000,0,0,0,-1,-1,0.0,0.0000,0.0000
263,67,265,switch,400.000,0,0,0,-1,-1,0.0,0.0000,0.0000
263,68,265,switch,400.000,0,0,0,-1,-1,0.0,0.0000,0.0000
263,69,265,switch,400.000,0,0,0,-1,-1,0.0,0.0000,0.0000
263,70,265,switch,400.000,0,0,0,-1,-1,0.0,0.0000,0.0000
263,71,265,switch,400.000,0,0,0,-1,-1,0.0,0.0000,0.0000
263,72,265,switch,400.000,0,0,0,-1,-1,0.0,0.0000,0.0000
263,73,265,switch,400.000,0,0,0,-1,-1,0.0,0.0000,0.0000
263,74,265,switch,400.000,0,0,0,-1,-1,0.0,0.0000,0.0000
263,75,265,switch,400.000,0,0,0,-1,-1,0.0,0.0000,0.0000
263,76,265,switch,400.000,0,0,0,-1,-1,0.0,0.0000,0.0000
263,77,265,switch,400.000,0,0,0,-1,-1,0.0,0.0000,0.0000
263,78,265,switch,400.000,0,0,0,-1,-1,0.0,0.0000,0.0000
263,79,265,switch,400.000,0,0,0,-1,-1,0.0,0.0000,0.0000
263,80,267,switch,400.000,0,0,0,-1,-1,0.0,0.0000,0.0000
263,81,267,switch,400.000,0,0,0,-1,-1,0.0,0.0000,0.0000
263,82,267,switch,400.000,0,0,0,-1,-1,0.0,0.0000,0.0000
263,83,267,switch,400.000,0,0,0,-1,-1,0.0,0.0000,0.0000
263,84,267,switch,400.000,0,0,0,-1,-1,0.0,0.0000,0.0000
263,85,267,switch,400.000,0,0,0,-1,-1,0.0,0.0000,0.0000
263,86,267,switch,400.000,0,0,0,-1,-1,0.0,0.0000,0.0000
263,87,267,switch,400.000,0,0,0,-1,-1,0.0,0.0000,0.0000
263,88,267,switch,400.000,0,0,0,-1,-1,0.0,0.0000,0.0000
263,89,267,switch,400.000,0,0,0,-1,-1,0.0,0.0000,0.0000
263,90,267,switch,400.000,0,0,0,-1,-1,0.0,0.0000,0.0000
263,91,267,switch,400.000,0,0,0,-1,-1,0.0,0.0000,0.0000
263,92,267,switch,400.000,0,0,0,-1,-1,0.0,0.0000,0.0000
263,93,267,switch,400.000,0,0,0,-1,-1,0.0,0.0000,0.0000
263,94,267,switch,400.000,0,0,0,-1,-1,0.0,0.0000,0.0000
263,95,267,switch,400.000,0,0,0,-1,-1,0.0,0.0000,0.0000
264,0,256,switch,400.000,0,0,0,-1,-1,0.0,0.0000,0.0000
264,1,256,switch,400.000,0,0,0,-1,-1,0.0,0.0000,0.0000
264,2,256,switch,400.000,0,0,0,-1,-1,0.0,0.0000,0.0000
264,3,256,switch,400.000,0,0,0,-1,-1,0.0,0.0000,0.0000
264,4,256,switch,400.000,0,0,0,-1,-1,0.0,0.0000,0.0000
264,5,256,switch,400.000,0,0,0,-1,-1,0.0,0.0000,0.0000
264,6,256,switch,400.000,0,0,0,-1,-1,0.0,0.0000,0.0000
264,7,256,switch,400.000,0,0,0,-1,-1,0.0,0.0000,0.0000
264,8,256,switch,400.000,0,0,0,-1,-1,0.0,0.0000,0.0000
264,9,256,switch,400.000,0,0,0,-1,-1,0.0,0.0000,0.0000
264,10,256,switch,400.000,0,0,0,-1,-1,0.0,0.0000,0.0000
264,11,256,switch,400.000,0,0,0,-1,-1,0.0,0.0000,0.0000
264,12,256,switch,400.000,0,0,0,-1,-1,0.0,0.0000,0.0000
264,13,256,switch,400.000,0,0,0,-1,-1,0.0,0.0000,0.0000
264,14,256,switch,400.000,0,0,0,-1,-1,0.0,0.0000,0.0000
264,15,256,switch,400.000,0,0,0,-1,-1,0.0,0.0000,0.0000
264,16,258,switch,400.000,0,0,0,-1,-1,0.0,0.0000,0.0000
264,17,258,switch,400.000,0,0,0,-1,-1,0.0,0.0000,0.0000
264,18,258,switch,400.000,0,0,0,-1,-1,0.0,0.0000,0.0000
264,19,258,switch,400.000,0,0,0,-1,-1,0.0,0.0000,0.0000
264,20,258,switch,400.000,0,0,0,-1,-1,0.0,0.0000,0.0000
264,21,258,switch,400.000,0,0,0,-1,-1,0.0,0.0000,0.0000
264,22,258,switch,400.000,0,0,0,-1,-1,0.0,0.0000,0.0000
264,23,258,switch,400.000,0,0,0,-1,-1,0.0,0.0000,0.0000
264,24,258,switch,400.000,0,0,0,-1,-1,0.0,0.0000,0.0000
264,25,258,switch,400.000,0,0,0,-1,-1,0.0,0.0000,0.0000
264,26,258,switch,400.000,0,0,0,-1,-1,0.0,0.0000,0.0000
264,27,258,switch,400.000,0,0,0,-1,-1,0.0,0.0000,0.0000
264,28,258,switch,400.000,0,0,0,-1,-1,0.0,0.0000,0.0000
264,29,258,switch,400.000,0,0,0,-1,-1,0.0,0.0000,0.0000
264,30,258,switch,400.000,0,0,0,-1,-1,0.0,0.0000,0.0000
264,31,258,switch,400.000,0,0,0,-1,-1,0.0,0.0000,0.0000
264,32,260,switch,400.000,0,0,0,-1,-1,0.0,0.0000,0.0000
264,33,260,switch,400.000,0,0,0,-1,-1,0.0,0.0000,0.0000
264,34,260,switch,400.000,0,0,0,-1,-1,0.0,0.0000,0.0000
264,35,260,switch,400.000,0,0,0,-1,-1,0.0,0.0000,0.0000
264,36,260,switch,400.000,0,0,0,-1,-1,0.0,0.0000,0.0000
264,37,260,switch,400.000,0,0,0,-1,-1,0.0,0.0000,0.0000
264,38,260,switch,400.000,0,0,0,-1,-1,0.0,0.0000,0.0000
264,39,260,switch,400.000,0,0,0,-1,-1,0.0,0.0000,0.0000
264,40,260,switch,400.000,0,0,0,-1,-1,0.0,0.0000,0.0000
264,41,260,switch,400.000,0,0,0,-1,-1,0.0,0.0000,0.0000
264,42,260,switch,400.000,0,0,0,-1,-1,0.0,0.0000,0.0000
264,43,260,switch,400.000,0,0,0,-1,-1,0.0,0.0000,0.0000
264,44,260,switch,400.000,0,0,0,-1,-1,0.0,0.0000,0.0000
264,45,260,switch,400.000,0,0,0,-1,-1,0.0,0.0000,0.0000
264,46,260,switch,400.000,0,0,0,-1,-1,0.0,0.0000,0.0000
264,47,260,switch,400.000,0,0,0,-1,-1,0.0,0.0000,0.0000
264,48,262,switch,400.000,0,0,0,-1,-1,0.0,0.0000,0.0000
264,49,262,switch,400.000,0,0,0,-1,-1,0.0,0.0000,0.0000
264,50,262,switch,400.000,0,0,0,-1,-1,0.0,0.0000,0.0000
264,51,262,switch,400.000,0,0,0,-1,-1,0.0,0.0000,0.0000
264,52,262,switch,400.000,0,0,0,-1,-1,0.0,0.0000,0.0000
264,53,262,switch,400.000,0,0,0,-1,-1,0.0,0.0000,0.0000
264,54,262,switch,400.000,0,0,0,-1,-1,0.0,0.0000,0.0000
264,55,262,switch,400.000,0,0,0,-1,-1,0.0,0.0000,0.0000
264,56,262,switch,400.000,0,0,0,-1,-1,0.0,0.0000,0.0000
264,57,262,switch,400.000,0,0,0,-1,-1,0.0,0.0000,0.0000
264,58,262,switch,400.000,0,0,0,-1,-1,0.0,0.0000,0.0000
264,59,262,switch,400.000,0,0,0,-1,-1,0.0,0.0000,0.0000
264,60,262,switch,400.000,0,0,0,-1,-1,0.0,0.0000,0.0000
264,61,262,switch,400.000,0,0,0,-1,-1,0.0,0.0000,0.0000
264,62,262,switch,400.000,0,0,0,-1,-1,0.0,0.0000,0.0000
264,63,262,switch,400.000,0,0,0,-1,-1,0.0,0.0000,0.0000
265,0,257,switch,400.000,0,0,0,-1,-1,0.0,0.0000,0.0000
265,1,257,switch,400.000,0,0,0,-1,-1,0.0,0.0000,0.0000
265,2,257,switch,400.000,0,0,0,-1,-1,0.0,0.0000,0.0000
265,3,257,switch,400.000,0,0,0,-1,-1,0.0,0.0000,0.0000
265,4,257,switch,400.000,0,0,0,-1,-1,0.0,0.0000,0.0000
265,5,257,switch,400.000,0,0,0,-1,-1,0.0,0.0000,0.0000
265,6,257,switch,400.000,0,0,0,-1,-1,0.0,0.0000,0.0000
265,7,257,switch,400.000,0,0,0,-1,-1,0.0,0.0000,0.0000
265,8,257,switch,400.000,0,0,0,-1,-1,0.0,0.0000,0.0000
265,9,257,switch,400.000,0,0,0,-1,-1,0.0,0.0000,0.0000
265,10,257,switch,400.000,0,0,0,-1,-1,0.0,0.0000,0.0000
265,11,257,switch,400.000,0,0,0,-1,-1,0.0,0.0000,0.0000
265,12,257,switch,400.000,0,0,0,-1,-1,0.0,0.0000,0.0000
265,13,257,switch,400.000,0,0,0,-1,-1,0.0,0.0000,0.0000
265,14,257,switch,400.000,0,0,0,-1,-1,0.0,0.0000,0.0000
265,15,257,switch,400.000,0,0,0,-1,-1,0.0,0.0000,0.0000
265,16,259,switch,400.000,0,0,0,-1,-1,0.0,0.0000,0.0000
265,17,259,switch,400.000,0,0,0,-1,-1,0.0,0.0000,0.0000
265,18,259,switch,400.000,0,0,0,-1,-1,0.0,0.0000,0.0000
265,19,259,switch,400.000,0,0,0,-1,-1,0.0,0.0000,0.0000
265,20,259,switch,400.000,0,0,0,-1,-1,0.0,0.0000,0.0000
265,21,259,switch,400.000,0,0,0,-1,-1,0.0,0.0000,0.0000
265,22,259,switch,400.000,0,0,0,-1,-1,0.0,0.0000,0.0000
265,23,259,switch,400.000,0,0,0,-1,-1,0.0,0.0000,0.0000
265,24,259,switch,400.000,0,0,0,-1,-1,0.0,0.0000,0.0000
265,25,259,switch,400.000,0,0,0,-1,-1,0.0,0.0000,0.0000
265,26,259,switch,400.000,0,0,0,-1,-1,0.0,0.0000,0.0000
265,27,259,switch,400.000,0,0,0,-1,-1,0.0,0.0000,0.0000
265,28,259,switch,400.000,0,0,0,-1,-1,0.0,0.0000,0.0000
265,29,259,switch,400.000,0,0,0,-1,-1,0.0,0.0000,0.0000
265,30,259,switch,400.000,0,0,0,-1,-1,0.0,0.0000,0.0000
265,31,259,switch,400.000,0,0,0,-1,-1,0.0,0.0000,0.0000
265,32,261,switch,400.000,0,0,0,-1,-1,0.0,0.0000,0.0000
265,33,261,switch,400.000,0,0,0,-1,-1,0.0,0.0000,0.0000
265,34,261,switch,400.000,0,0,0,-1,-1,0.0,0.0000,0.0000
265,35,261,switch,400.000,0,0,0,-1,-1,0.0,0.0000,0.0000
265,36,261,switch,400.000,0,0,0,-1,-1,0.0,0.0000,0.0000
265,37,261,switch,400.000,0,0,0,-1,-1,0.0,0.0000,0.0000
265,38,261,switch,400.000,0,0,0,-1,-1,0.0,0.0000,0.0000
265,39,261,switch,400.000,0,0,0,-1,-1,0.0,0.0000,0.0000
265,40,261,switch,400.000,0,0,0,-1,-1,0.0,0.0000,0.0000
265,41,261,switch,400.000,0,0,0,-1,-1,0.0,0.0000,0.0000
265,42,261,switch,400.000,0,0,0,-1,-1,0.0,0.0000,0.0000
265,43,261,switch,400.000,0,0,0,-1,-1,0.0,0.0000,0.0000
265,44,261,switch,400.000,0,0,0,-1,-1,0.0,0.0000,0.0000
265,45,261,switch,400.000,0,0,0,-1,-1,0.0,0.0000,0.0000
265,46,261,switch,400.000,0,0,0,-1,-1,0.0,0.0000,0.0000
265,47,261,switch,400.000,0,0,0,-1,-1,0.0,0.0000,0.0000
265,48,263,switch,400.000,0,0,0,-1,-1,0.0,0.0000,0.0000
265,49,263,switch,400.000,0,0,0,-1,-1,0.0,0.0000,0.0000
265,50,263,switch,400.000,0,0,0,-1,-1,0.0,0.0000,0.0000
265,51,263,switch,400.000,0,0,0,-1,-1,0.0,0.0000,0.0000
265,52,263,switch,400.000,0,0,0,-1,-1,0.0,0.0000,0.0000
265,53,263,switch,400.000,0,0,0,-1,-1,0.0,0.0000,0.0000
265,54,263,switch,400.000,0,0,0,-1,-1,0.0,0.0000,0.0000
265,55,263,switch,400.000,0,0,0,-1,-1,0.0,0.0000,0.0000
265,56,263,switch,400.000,0,0,0,-1,-1,0.0,0.0000,0.0000
265,57,263,switch,400.000,0,0,0,-1,-1,0.0,0.0000,0.0000
265,58,263,switch,400.000,0,0,0,-1,-1,0.0,0.0000,0.0000
265,59,263,switch,400.000,0,0,0,-1,-1,0.0,0.0000,0.0000
265,60,263,switch,400.000,0,0,0,-1,-1,0.0,0.0000,0.0000
265,61,263,switch,400.000,0,0,0,-1,-1,0.0,0.0000,0.0000
265,62,263,switch,400.000,0,0,0,-1,-1,0.0,0.0000,0.0000
265,63,263,switch,400.000,0,0,0,-1,-1,0.0,0.0000,0.0000
266,0,256,switch,400.000,0,0,0,-1,-1,0.0,0.0000,0.0000
266,1,256,switch,400.000,0,0,0,-1,-1,0.0,0.0000,0.0000
266,2,256,switch,400.000,0,0,0,-1,-1,0.0,0.0000,0.0000
266,3,256,switch,400.000,0,0,0,-1,-1,0.0,0.0000,0.0000
266,4,256,switch,400.000,0,0,0,-1,-1,0.0,0.0000,0.0000
266,5,256,switch,400.000,0,0,0,-1,-1,0.0,0.0000,0.0000
266,6,256,switch,400.000,0,0,0,-1,-1,0.0,0.0000,0.0000
266,7,256,switch,400.000,0,0,0,-1,-1,0.0,0.0000,0.0000
266,8,256,switch,400.000,0,0,0,-1,-1,0.0,0.0000,0.0000
266,9,256,switch,400.000,0,0,0,-1,-1,0.0,0.0000,0.0000
266,10,256,switch,400.000,0,0,0,-1,-1,0.0,0.0000,0.0000
266,11,256,switch,400.000,0,0,0,-1,-1,0.0,0.0000,0.0000
266,12,256,switch,400.000,0,0,0,-1,-1,0.0,0.0000,0.0000
266,13,256,switch,400.000,0,0,0,-1,-1,0.0,0.0000,0.0000
266,14,256,switch,400.000,0,0,0,-1,-1,0.0,0.0000,0.0000
266,15,256,switch,400.000,0,0,0,-1,-1,0.0,0.0000,0.0000
266,16,258,switch,400.000,0,0,0,-1,-1,0.0,0.0000,0.0000
266,17,258,switch,400.000,0,0,0,-1,-1,0.0,0.0000,0.0000
266,18,258,switch,400.000,0,0,0,-1,-1,0.0,0.0000,0.0000
266,19,258,switch,400.000,0,0,0,-1,-1,0.0,0.0000,0.0000
266,20,258,switch,400.000,0,0,0,-1,-1,0.0,0.0000,0.0000
266,21,258,switch,400.000,0,0,0,-1,-1,0.0,0.0000,0.0000
266,22,258,switch,400.000,0,0,0,-1,-1,0.0,0.0000,0.0000
266,23,258,switch,400.000,0,0,0,-1,-1,0.0,0.0000,0.0000
266,24,258,switch,400.000,0,0,0,-1,-1,0.0,0.0000,0.0000
266,25,258,switch,400.000,0,0,0,-1,-1,0.0,0.0000,0.0000
266,26,258,switch,400.000,0,0,0,-1,-1,0.0,0.0000,0.0000
266,27,258,switch,400.000,0,0,0,-1,-1,0.0,0.0000,0.0000
266,28,258,switch,400.000,0,0,0,-1,-1,0.0,0.0000,0.0000
266,29,258,switch,400.000,0,0,0,-1,-1,0.0,0.0000,0.0000
266,30,258,switch,400.000,0,0,0,-1,-1,0.0,0.0000,0.0000
266,31,258,switch,400.000,0,0,0,-1,-1,0.0,0.0000,0.0000
266,32,260,switch,400.000,0,0,0,-1,-1,0.0,0.0000,0.0000
266,33,260,switch,400.000,0,0,0,-1,-1,0.0,0.0000,0.0000
266,34,260,switch,400.000,0,0,0,-1,-1,0.0,0.0000,0.0000
266,35,260,switch,400.000,0,0,0,-1,-1,0.0,0.0000,0.0000
266,36,260,switch,400.000,0,0,0,-1,-1,0.0,0.0000,0.0000
266,37,260,switch,400.000,0,0,0,-1,-1,0.0,0.0000,0.0000
266,38,260,switch,400.000,0,0,0,-1,-1,0.0,0.0000,0.0000
266,39,260,switch,400.000,0,0,0,-1,-1,0.0,0.0000,0.0000
266,40,260,switch,400.000,0,0,0,-1,-1,0.0,0.0000,0.0000
266,41,260,switch,400.000,0,0,0,-1,-1,0.0,0.0000,0.0000
266,42,260,switch,400.000,0,0,0,-1,-1,0.0,0.0000,0.0000
266,43,260,switch,400.000,0,0,0,-1,-1,0.0,0.0000,0.0000
266,44,260,switch,400.000,0,0,0,-1,-1,0.0,0.0000,0.0000
266,45,260,switch,400.000,0,0,0,-1,-1,0.0,0.0000,0.0000
266,46,260,switch,400.000,0,0,0,-1,-1,0.0,0.0000,0.0000
266,47,260,switch,400.000,0,0,0,-1,-1,0.0,0.0000,0.0000
266,48,262,switch,400.000,0,0,0,-1,-1,0.0,0.0000,0.0000
266,49,262,switch,400.000,0,0,0,-1,-1,0.0,0.0000,0.0000
266,50,262,switch,400.000,0,0,0,-1,-1,0.0,0.0000,0.0000
266,51,262,switch,400.000,0,0,0,-1,-1,0.0,0.0000,0.0000
266,52,262,switch,400.000,0,0,0,-1,-1,0.0,0.0000,0.0000
266,53,262,switch,400.000,0,0,0,-1,-1,0.0,0.0000,0.0000
266,54,262,switch,400.000,0,0,0,-1,-1,0.0,0.0000,0.0000
266,55,262,switch,400.000,0,0,0,-1,-1,0.0,0.0000,0.0000
266,56,262,switch,400.000,0,0,0,-1,-1,0.0,0.0000,0.0000
266,57,262,switch,400.000,0,0,0,-1,-1,0.0,0.0000,0.0000
266,58,262,switch,400.000,0,0,0,-1,-1,0.0,0.0000,0.0000
266,59,262,switch,400.000,0,0,0,-1,-1,0.0,0.0000,0.0000
266,60,262,switch,400.000,0,0,0,-1,-1,0.0,0.0000,0.0000
266,61,262,switch,400.000,0,0,0,-1,-1,0.0,0.0000,0.0000
266,62,262,switch,400.000,0,0,0,-1,-1,0.0,0.0000,0.0000
266,63,262,switch,400.000,0,0,0,-1,-1,0.0,0.0000,0.0000
267,0,257,switch,400.000,0,0,0,-1,-1,0.0,0.0000,0.0000
267,1,257,switch,400.000,0,0,0,-1,-1,0.0,0.0000,0.0000
267,2,257,switch,400.000,0,0,0,-1,-1,0.0,0.0000,0.0000
267,3,257,switch,400.000,0,0,0,-1,-1,0.0,0.0000,0.0000
267,4,257,switch,400.000,0,0,0,-1,-1,0.0,0.0000,0.0000
267,5,257,switch,400.000,0,0,0,-1,-1,0.0,0.0000,0.0000
267,6,257,switch,400.000,0,0,0,-1,-1,0.0,0.0000,0.0000
267,7,257,switch,400.000,0,0,0,-1,-1,0.0,0.0000,0.0000
267,8,257,switch,400.000,0,0,0,-1,-1,0.0,0.0000,0.0000
267,9,257,switch,400.000,0,0,0,-1,-1,0.0,0.0000,0.0000
267,10,257,switch,400.000,0,0,0,-1,-1,0.0,0.0000,0.0000
267,11,257,switch,400.000,0,0,0,-1,-1,0.0,0.0000,0.0000
267,12,257,switch,400.000,0,0,0,-1,-1,0.0,0.0000,0.0000
267,13,257,switch,400.000,0,0,0,-1,-1,0.0,0.0000,0.0000
267,14,257,switch,400.000,0,0,0,-1,-1,0.0,0.0000,0.0000
267,15,257,switch,400.000,0,0,0,-1,-1,0.0,0.0000,0.0000
267,16,259,switch,400.000,0,0,0,-1,-1,0.0,0.0000,0.0000
267,17,259,switch,400.000,0,0,0,-1,-1,0.0,0.0000,0.0000
267,18,259,switch,400.000,0,0,0,-1,-1,0.0,0.0000,0.0000
267,19,259,switch,400.000,0,0,0,-1,-1,0.0,0.0000,0.0000
267,20,259,switch,400.000,0,0,0,-1,-1,0.0,0.0000,0.0000
267,21,259,switch,400.000,0,0,0,-1,-1,0.0,0.0000,0.0000
267,22,259,switch,400.000,0,0,0,-1,-1,0.0,0.0000,0.0000
267,23,259,switch,400.000,0,0,0,-1,-1,0.0,0.0000,0.0000
267,24,259,switch,400.000,0,0,0,-1,-1,0.0,0.0000,0.0000
267,25,259,switch,400.000,0,0,0,-1,-1,0.0,0.0000,0.0000
267,26,259,switch,400.000,0,0,0,-1,-1,0.0,0.0000,0.0000
267,27,259,switch,400.000,0,0,0,-1,-1,0.0,0.0000,0.0000
267,28,259,switch,400.000,0,0,0,-1,-1,0.0,0.0000,0.0000
267,29,259,switch,400.000,0,0,0,-1,-1,0.0,0.0000,0.0000
267,30,259,switch,400.000,0,0,0,-1,-1,0.0,0.0000,0.0000
267,31,259,switch,400.000,0,0,0,-1,-1,0.0,0.0000,0.0000
267,32,261,switch,400.000,0,0,0,-1,-1,0.0,0.0000,0.0000
267,33,261,switch,400.000,0,0,0,-1,-1,0.0,0.0000,0.0000
267,34,261,switch,400.000,0,0,0,-1,-1,0.0,0.0000,0.0000
267,35,261,switch,400.000,0,0,0,-1,-1,0.0,0.0000,0.0000
267,36,261,switch,400.000,0,0,0,-1,-1,0.0,0.0000,0.0000
267,37,261,switch,400.000,0,0,0,-1,-1,0.0,0.0000,0.0000
267,38,261,switch,400.000,0,0,0,-1,-1,0.0,0.0000,0.0000
267,39,261,switch,400.000,0,0,0,-1,-1,0.0,0.0000,0.0000
267,40,261,switch,400.000,0,0,0,-1,-1,0.0,0.0000,0.0000
267,41,261,switch,400.000,0,0,0,-1,-1,0.0,0.0000,0.0000
267,42,261,switch,400.000,0,0,0,-1,-1,0.0,0.0000,0.0000
267,43,261,switch,400.000,0,0,0,-1,-1,0.0,0.0000,0.0000
267,44,261,switch,400.000,0,0,0,-1,-1,0.0,0.0000,0.0000
267,45,261,switch,400.000,0,0,0,-1,-1,0.0,0.0000,0.0000
267,46,261,switch,400.000,0,0,0,-1,-1,0.0,0.0000,0.0000
267,47,261,switch,400.000,0,0,0,-1,-1,0.0,0.0000,0.0000
267,48,263,switch,400.000,0,0,0,-1,-1,0.0,0.0000,0.0000
267,49,263,switch,400.000,0,0,0,-1,-1,0.0,0.0000,0.0000
267,50,263,switch,400.000,0,0,0,-1,-1,0.0,0.0000,0.0000
267,51,263,switch,400.000,0,0,0,-1,-1,0.0,0.0000,0.0000
267,52,263,switch,400.000,0,0,0,-1,-1,0.0,0.0000,0.0000
267,53,263,switch,400.000,0,0,0,-1,-1,0.0,0.0000,0.0000
267,54,263,switch,400.000,0,0,0,-1,-1,0.0,0.0000,0.0000
267,55,263,switch,400.000,0,0,0,-1,-1,0.0,0.0000,0.0000
267,56,263,switch,400.000,0,0,0,-1,-1,0.0,0.0000,0.0000
267,57,263,switch,400.000,0,0,0,-1,-1,0.0,0.0000,0.0000
267,58,263,switch,400.000,0,0,0,-1,-1,0.0,0.0000,0.0000
267,59,263,switch,400.000,0,0,0,-1,-1,0.0,0.0000,0.0000
267,60,263,switch,400.000,0,0,0,-1,-1,0.0,0.0000,0.0000
267,61,263,switch,400.000,0,0,0,-1,-1,0.0,0.0000,0.0000
267,62,263,switch,400.000,0,0,0,-1,-1,0.0,0.0000,0.0000
267,63,263,switch,400.000,0,0,0,-1,-1,0.0,0.0000,0.0000
