sw_id,port_id,q_id,max_qlen_bytes
256,0,0,240
256,0,3,49824
256,1,0,240
256,1,3,66432
256,2,0,240
256,2,3,45672
256,3,0,240
256,3,3,49824
256,4,0,240
256,4,3,41520
256,5,0,300
256,5,3,66432
256,6,0,300
256,6,3,53976
256,7,0,300
256,7,3,62280
256,8,0,360
256,8,3,49824
256,9,0,240
256,9,3,53976
256,10,0,300
256,10,3,45672
256,11,0,240
256,11,3,58128
256,12,0,300
256,12,3,41520
256,13,0,240
256,13,3,53976
256,14,0,240
256,14,3,53976
256,15,0,240
256,15,3,53976
256,16,0,300
256,16,3,49824
256,17,0,240
256,17,3,49824
256,18,0,300
256,18,3,49824
256,19,0,240
256,19,3,53976
256,20,0,240
256,20,3,37368
256,21,0,180
256,21,3,49824
256,22,0,240
256,22,3,45672
256,23,0,240
256,23,3,45672
256,24,0,300
256,24,3,41520
256,25,0,300
256,25,3,49824
256,26,0,240
256,26,3,41520
256,27,0,240
256,27,3,53976
256,28,0,180
256,28,3,41520
256,29,0,240
256,29,3,49824
256,30,0,240
256,30,3,53976
256,31,0,240
256,31,3,45672
256,32,0,180
256,32,3,41520
256,33,0,180
256,33,3,53976
256,34,0,240
256,34,3,49824
256,35,0,240
256,35,3,45672
256,36,0,180
256,36,3,37368
256,37,0,240
256,37,3,49824
256,38,0,180
256,38,3,53976
256,39,0,240
256,39,3,45672
256,40,0,180
256,40,3,45672
256,41,0,300
256,41,3,53976
256,42,0,240
256,42,3,45672
256,43,0,300
256,43,3,53976
256,44,0,240
256,44,3,45672
256,45,0,180
256,45,3,49824
256,46,0,240
256,46,3,45672
256,47,0,240
256,47,3,49824
256,48,0,300
256,48,3,49824
256,49,0,300
256,49,3,45672
256,50,0,300
256,50,3,53976
256,51,0,360
256,51,3,58128
256,52,0,240
256,52,3,53976
256,53,0,240
256,53,3,45672
256,54,0,300
256,54,3,45672
256,55,0,240
256,55,3,53976
256,56,0,240
256,56,3,49824
256,57,0,240
256,57,3,58128
256,58,0,420
256,58,3,66432
256,59,0,300
256,59,3,66432
256,60,0,240
256,60,3,70584
256,61,0,360
256,61,3,53976
256,62,0,300
256,62,3,70584
256,63,0,180
256,63,3,70584
257,0,0,300
257,0,3,49824
257,1,0,300
257,1,3,53976
257,2,0,240
257,2,3,49824
257,3,0,240
257,3,3,58128
257,4,0,300
257,4,3,49824
257,5,0,360
257,5,3,53976
257,6,0,180
257,6,3,41520
257,7,0,240
257,7,3,49824
257,8,0,300
257,8,3,45672
257,9,0,300
257,9,3,53976
257,10,0,240
257,10,3,49824
257,11,0,240
257,11,3,58128
257,12,0,240
257,12,3,49824
257,13,0,300
257,13,3,45672
257,14,0,300
257,14,3,53976
257,15,0,240
257,15,3,45672
257,16,0,240
257,16,3,45672
257,17,0,300
257,17,3,49824
257,18,0,240
257,18,3,41520
257,19,0,240
257,19,3,41520
257,20,0,300
257,20,3,53976
257,21,0,240
257,21,3,49824
257,22,0,240
257,22,3,37368
257,23,0,300
257,23,3,49824
257,24,0,240
257,24,3,53976
257,25,0,240
257,25,3,49824
257,26,0,240
257,26,3,45672
257,27,0,240
257,27,3,49824
257,28,0,240
257,28,3,53976
257,29,0,240
257,29,3,49824
257,30,0,240
257,30,3,45672
257,31,0,240
257,31,3,58128
257,32,0,240
257,32,3,45672
257,33,0,240
257,33,3,49824
257,34,0,240
257,34,3,49824
257,35,0,360
257,35,3,49824
257,36,0,180
257,36,3,45672
257,37,0,300
257,37,3,49824
257,38,0,180
257,38,3,41520
257,39,0,240
257,39,3,58128
257,40,0,180
257,40,3,58128
257,41,0,180
257,41,3,49824
257,42,0,300
257,42,3,53976
257,43,0,360
257,43,3,49824
257,44,0,300
257,44,3,41520
257,45,0,300
257,45,3,49824
257,46,0,300
257,46,3,58128
257,47,0,300
257,47,3,62280
257,48,0,240
257,48,3,41520
257,49,0,300
257,49,3,53976
257,50,0,240
257,50,3,41520
257,51,0,300
257,51,3,58128
257,52,0,300
257,52,3,58128
257,53,0,300
257,53,3,49824
257,54,0,300
257,54,3,53976
257,55,0,240
257,55,3,66432
257,56,0,300
257,56,3,53976
257,57,0,240
257,57,3,83040
257,58,0,240
257,58,3,62280
257,59,0,300
257,59,3,78888
257,60,0,300
257,60,3,53976
257,61,0,240
257,61,3,49824
257,62,0,300
257,62,3,74736
257,63,0,360
257,63,3,83040
258,0,0,300
258,0,3,45672
258,1,0,240
258,1,3,66432
258,2,0,180
258,2,3,41520
258,3,0,240
258,3,3,49824
258,4,0,300
258,4,3,45672
258,5,0,240
258,5,3,66432
258,6,0,240
258,6,3,49824
258,7,0,240
258,7,3,62280
258,8,0,240
258,8,3,49824
258,9,0,240
258,9,3,53976
258,10,0,240
258,10,3,45672
258,11,0,240
258,11,3,58128
258,12,0,360
258,12,3,41520
258,13,0,240
258,13,3,53976
258,14,0,240
258,14,3,53976
258,15,0,300
258,15,3,49824
258,16,0,240
258,16,3,49824
258,17,0,240
258,17,3,49824
258,18,0,180
258,18,3,45672
258,19,0,180
258,19,3,53976
258,20,0,300
258,20,3,37368
258,21,0,240
258,21,3,49824
258,22,0,300
258,22,3,49824
258,23,0,180
258,23,3,49824
258,24,0,300
258,24,3,45672
258,25,0,240
258,25,3,49824
258,26,0,240
258,26,3,37368
258,27,0,240
258,27,3,53976
258,28,0,240
258,28,3,49824
258,29,0,240
258,29,3,49824
258,30,0,240
258,30,3,49824
258,31,0,240
258,31,3,41520
258,32,0,180
258,32,3,41520
258,33,0,300
258,33,3,53976
258,34,0,240
258,34,3,49824
258,35,0,240
258,35,3,41520
258,36,0,240
258,36,3,37368
258,37,0,180
258,37,3,49824
258,38,0,180
258,38,3,53976
258,39,0,240
258,39,3,45672
258,40,0,240
258,40,3,45672
258,41,0,180
258,41,3,58128
258,42,0,300
258,42,3,41520
258,43,0,240
258,43,3,49824
258,44,0,300
258,44,3,45672
258,45,0,240
258,45,3,49824
258,46,0,240
258,46,3,45672
258,47,0,300
258,47,3,45672
258,48,0,240
258,48,3,49824
258,49,0,240
258,49,3,45672
258,50,0,300
258,50,3,49824
258,51,0,300
258,51,3,58128
258,52,0,300
258,52,3,49824
258,53,0,240
258,53,3,41520
258,54,0,240
258,54,3,45672
258,55,0,240
258,55,3,53976
258,56,0,240
258,56,3,45672
258,57,0,180
258,57,3,53976
258,58,0,300
258,58,3,66432
258,59,0,300
258,59,3,66432
258,60,0,360
258,60,3,66432
258,61,0,240
258,61,3,49824
258,62,0,180
258,62,3,70584
258,63,0,300
258,63,3,66432
259,0,0,300
259,0,3,49824
259,1,0,240
259,1,3,53976
259,2,0,240
259,2,3,49824
259,3,0,180
259,3,3,62280
259,4,0,240
259,4,3,49824
259,5,0,240
259,5,3,58128
259,6,0,240
259,6,3,41520
259,7,0,180
259,7,3,49824
259,8,0,240
259,8,3,45672
259,9,0,240
259,9,3,53976
259,10,0,240
259,10,3,49824
259,11,0,300
259,11,3,62280
259,12,0,300
259,12,3,49824
259,13,0,300
259,13,3,49824
259,14,0,240
259,14,3,49824
259,15,0,240
259,15,3,45672
259,16,0,300
259,16,3,41520
259,17,0,240
259,17,3,49824
259,18,0,360
259,18,3,37368
259,19,0,300
259,19,3,41520
259,20,0,240
259,20,3,49824
259,21,0,240
259,21,3,49824
259,22,0,240
259,22,3,37368
259,23,0,240
259,23,3,49824
259,24,0,300
259,24,3,53976
259,25,0,300
259,25,3,49824
259,26,0,240
259,26,3,45672
259,27,0,240
259,27,3,49824
259,28,0,240
259,28,3,53976
259,29,0,240
259,29,3,45672
259,30,0,300
259,30,3,41520
259,31,0,180
259,31,3,58128
259,32,0,240
259,32,3,45672
259,33,0,240
259,33,3,45672
259,34,0,300
259,34,3,49824
259,35,0,240
259,35,3,49824
259,36,0,240
259,36,3,45672
259,37,0,360
259,37,3,49824
259,38,0,300
259,38,3,41520
259,39,0,300
259,39,3,58128
259,40,0,360
259,40,3,53976
259,41,0,240
259,41,3,49824
259,42,0,180
259,42,3,53976
259,43,0,240
259,43,3,49824
259,44,0,300
259,44,3,41520
259,45,0,240
259,45,3,49824
259,46,0,300
259,46,3,58128
259,47,0,240
259,47,3,62280
259,48,0,240
259,48,3,41520
259,49,0,240
259,49,3,53976
259,50,0,300
259,50,3,37368
259,51,0,300
259,51,3,58128
259,52,0,300
259,52,3,58128
259,53,0,300
259,53,3,49824
259,54,0,300
259,54,3,53976
259,55,0,300
259,55,3,66432
259,56,0,300
259,56,3,58128
259,57,0,360
259,57,3,83040
259,58,0,300
259,58,3,62280
259,59,0,240
259,59,3,78888
259,60,0,240
259,60,3,53976
259,61,0,360
259,61,3,49824
259,62,0,300
259,62,3,74736
259,63,0,300
259,63,3,78888
260,0,0,180
260,0,3,49824
260,1,0,300
260,1,3,66432
260,2,0,240
260,2,3,41520
260,3,0,300
260,3,3,49824
260,4,0,240
260,4,3,45672
260,5,0,240
260,5,3,66432
260,6,0,240
260,6,3,45672
260,7,0,240
260,7,3,62280
260,8,0,240
260,8,3,53976
260,9,0,240
260,9,3,49824
260,10,0,240
260,10,3,45672
260,11,0,240
260,11,3,58128
260,12,0,240
260,12,3,45672
260,13,0,180
260,13,3,53976
260,14,0,240
260,14,3,53976
260,15,0,300
260,15,3,49824
260,16,0,240
260,16,3,49824
260,17,0,300
260,17,3,49824
260,18,0,240
260,18,3,45672
260,19,0,180
260,19,3,49824
260,20,0,240
260,20,3,41520
260,21,0,360
260,21,3,49824
260,22,0,300
260,22,3,45672
260,23,0,300
260,23,3,53976
260,24,0,240
260,24,3,45672
260,25,0,300
260,25,3,49824
260,26,0,180
260,26,3,41520
260,27,0,180
260,27,3,53976
260,28,0,240
260,28,3,45672
260,29,0,180
260,29,3,53976
260,30,0,240
260,30,3,49824
260,31,0,240
260,31,3,45672
260,32,0,180
260,32,3,41520
260,33,0,240
260,33,3,49824
260,34,0,240
260,34,3,45672
260,35,0,180
260,35,3,41520
260,36,0,240
260,36,3,37368
260,37,0,240
260,37,3,49824
260,38,0,240
260,38,3,49824
260,39,0,240
260,39,3,45672
260,40,0,240
260,40,3,45672
260,41,0,300
260,41,3,53976
260,42,0,240
260,42,3,41520
260,43,0,180
260,43,3,49824
260,44,0,300
260,44,3,41520
260,45,0,300
260,45,3,58128
260,46,0,240
260,46,3,49824
260,47,0,300
260,47,3,49824
260,48,0,180
260,48,3,45672
260,49,0,240
260,49,3,49824
260,50,0,480
260,50,3,49824
260,51,0,300
260,51,3,53976
260,52,0,300
260,52,3,49824
260,53,0,240
260,53,3,45672
260,54,0,240
260,54,3,45672
260,55,0,300
260,55,3,53976
260,56,0,300
260,56,3,45672
260,57,0,240
260,57,3,53976
260,58,0,240
260,58,3,62280
260,59,0,300
260,59,3,70584
260,60,0,360
260,60,3,58128
260,61,0,180
260,61,3,53976
260,62,0,300
260,62,3,66432
260,63,0,240
260,63,3,66432
261,0,0,300
261,0,3,49824
261,1,0,240
261,1,3,53976
261,2,0,240
261,2,3,49824
261,3,0,180
261,3,3,62280
261,4,0,240
261,4,3,58128
261,5,0,300
261,5,3,62280
261,6,0,240
261,6,3,41520
261,7,0,240
261,7,3,49824
261,8,0,300
261,8,3,45672
261,9,0,240
261,9,3,58128
261,10,0,240
261,10,3,49824
261,11,0,300
261,11,3,62280
261,12,0,240
261,12,3,49824
261,13,0,300
261,13,3,49824
261,14,0,240
261,14,3,53976
261,15,0,240
261,15,3,45672
261,16,0,240
261,16,3,41520
261,17,0,240
261,17,3,49824
261,18,0,240
261,18,3,37368
261,19,0,300
261,19,3,45672
261,20,0,300
261,20,3,53976
261,21,0,240
261,21,3,45672
261,22,0,240
261,22,3,41520
261,23,0,180
261,23,3,49824
261,24,0,240
261,24,3,53976
261,25,0,240
261,25,3,49824
261,26,0,240
261,26,3,45672
261,27,0,240
261,27,3,49824
261,28,0,240
261,28,3,53976
261,29,0,180
261,29,3,45672
261,30,0,240
261,30,3,41520
261,31,0,240
261,31,3,58128
261,32,0,300
261,32,3,45672
261,33,0,240
261,33,3,49824
261,34,0,300
261,34,3,49824
261,35,0,240
261,35,3,49824
261,36,0,180
261,36,3,45672
261,37,0,240
261,37,3,49824
261,38,0,240
261,38,3,41520
261,39,0,240
261,39,3,58128
261,40,0,240
261,40,3,53976
261,41,0,240
261,41,3,53976
261,42,0,300
261,42,3,49824
261,43,0,240
261,43,3,53976
261,44,0,240
261,44,3,41520
261,45,0,300
261,45,3,45672
261,46,0,180
261,46,3,58128
261,47,0,240
261,47,3,62280
261,48,0,240
261,48,3,41520
261,49,0,240
261,49,3,53976
261,50,0,240
261,50,3,41520
261,51,0,300
261,51,3,58128
261,52,0,300
261,52,3,53976
261,53,0,240
261,53,3,49824
261,54,0,240
261,54,3,58128
261,55,0,180
261,55,3,66432
261,56,0,240
261,56,3,58128
261,57,0,420
261,57,3,83040
261,58,0,300
261,58,3,66432
261,59,0,240
261,59,3,78888
261,60,0,240
261,60,3,53976
261,61,0,360
261,61,3,49824
261,62,0,300
261,62,3,74736
261,63,0,300
261,63,3,78888
262,0,0,240
262,0,3,49824
262,1,0,240
262,1,3,62280
262,2,0,240
262,2,3,41520
262,3,0,240
262,3,3,45672
262,4,0,300
262,4,3,41520
262,5,0,300
262,5,3,62280
262,6,0,300
262,6,3,49824
262,7,0,240
262,7,3,62280
262,8,0,300
262,8,3,49824
262,9,0,240
262,9,3,53976
262,10,0,300
262,10,3,45672
262,11,0,240
262,11,3,58128
262,12,0,360
262,12,3,41520
262,13,0,240
262,13,3,49824
262,14,0,300
262,14,3,53976
262,15,0,300
262,15,3,49824
262,16,0,300
262,16,3,53976
262,17,0,240
262,17,3,49824
262,18,0,240
262,18,3,45672
262,19,0,240
262,19,3,53976
262,20,0,240
262,20,3,37368
262,21,0,240
262,21,3,45672
262,22,0,240
262,22,3,41520
262,23,0,240
262,23,3,45672
262,24,0,300
262,24,3,45672
262,25,0,240
262,25,3,49824
262,26,0,180
262,26,3,41520
262,27,0,180
262,27,3,53976
262,28,0,240
262,28,3,49824
262,29,0,240
262,29,3,45672
262,30,0,300
262,30,3,53976
262,31,0,240
262,31,3,49824
262,32,0,240
262,32,3,41520
262,33,0,240
262,33,3,53976
262,34,0,300
262,34,3,49824
262,35,0,300
262,35,3,41520
262,36,0,240
262,36,3,41520
262,37,0,300
262,37,3,49824
262,38,0,180
262,38,3,53976
262,39,0,240
262,39,3,45672
262,40,0,300
262,40,3,45672
262,41,0,240
262,41,3,49824
262,42,0,300
262,42,3,41520
262,43,0,240
262,43,3,53976
262,44,0,300
262,44,3,41520
262,45,0,300
262,45,3,62280
262,46,0,300
262,46,3,49824
262,47,0,240
262,47,3,45672
262,48,0,300
262,48,3,49824
262,49,0,240
262,49,3,45672
262,50,0,240
262,50,3,49824
262,51,0,300
262,51,3,53976
262,52,0,300
262,52,3,49824
262,53,0,300
262,53,3,49824
262,54,0,240
262,54,3,45672
262,55,0,240
262,55,3,49824
262,56,0,300
262,56,3,45672
262,57,0,420
262,57,3,66432
262,58,0,240
262,58,3,66432
262,59,0,240
262,59,3,66432
262,60,0,300
262,60,3,66432
262,61,0,240
262,61,3,53976
262,62,0,360
262,62,3,70584
262,63,0,300
262,63,3,70584
263,0,0,240
263,0,3,49824
263,1,0,240
263,1,3,53976
263,2,0,240
263,2,3,45672
263,3,0,240
263,3,3,58128
263,4,0,240
263,4,3,49824
263,5,0,240
263,5,3,62280
263,6,0,240
263,6,3,41520
263,7,0,240
263,7,3,45672
263,8,0,300
263,8,3,49824
263,9,0,240
263,9,3,53976
263,10,0,240
263,10,3,49824
263,11,0,300
263,11,3,58128
263,12,0,300
263,12,3,49824
263,13,0,240
263,13,3,45672
263,14,0,240
263,14,3,49824
263,15,0,240
263,15,3,45672
263,16,0,240
263,16,3,41520
263,17,0,240
263,17,3,45672
263,18,0,240
263,18,3,37368
263,19,0,300
263,19,3,53976
263,20,0,240
263,20,3,49824
263,21,0,240
263,21,3,45672
263,22,0,180
263,22,3,41520
263,23,0,240
263,23,3,45672
263,24,0,240
263,24,3,58128
263,25,0,240
263,25,3,49824
263,26,0,180
263,26,3,45672
263,27,0,240
263,27,3,53976
263,28,0,180
263,28,3,49824
263,29,0,180
263,29,3,49824
263,30,0,300
263,30,3,41520
263,31,0,240
263,31,3,58128
263,32,0,240
263,32,3,41520
263,33,0,180
263,33,3,49824
263,34,0,240
263,34,3,49824
263,35,0,240
263,35,3,49824
263,36,0,240
263,36,3,45672
263,37,0,240
263,37,3,49824
263,38,0,240
263,38,3,41520
263,39,0,240
263,39,3,58128
263,40,0,180
263,40,3,53976
263,41,0,240
263,41,3,49824
263,42,0,240
263,42,3,49824
263,43,0,240
263,43,3,45672
263,44,0,300
263,44,3,41520
263,45,0,240
263,45,3,49824
263,46,0,300
263,46,3,58128
263,47,0,360
263,47,3,66432
263,48,0,180
263,48,3,41520
263,49,0,300
263,49,3,49824
263,50,0,360
263,50,3,41520
263,51,0,360
263,51,3,49824
263,52,0,180
263,52,3,53976
263,53,0,300
263,53,3,49824
263,54,0,240
263,54,3,62280
263,55,0,240
263,55,3,58128
263,56,0,300
263,56,3,62280
263,57,0,300
263,57,3,66432
263,58,0,300
263,58,3,70584
263,59,0,240
263,59,3,66432
263,60,0,240
263,60,3,49824
263,61,0,300
263,61,3,49824
263,62,0,300
263,62,3,78888
263,63,0,240
263,63,3,70584
